Rk;Player;Nation;Pos;Squad;Age;Born;90s;Cmp;Att;Cmp%;TotDist;PrgDist;Cmp_2;Att_2;Cmp%_2;Cmp_3;Att_3;Cmp%_3;Cmp_4;Att_4;Cmp%_4;Ast;xAG;xA;A-xAG;KP;1/3;PPA;CrsPA;PrgP;Matches;Curr_Date
1;Abner;br BRA;MF;Juventude;20-029;2004;0.1;8;8;100.0;160;75;5;5;100.0;2;2;100.0;1;1;100.0;0;0.0;0.0;0.0;0;1;1;0;1;Matches;2024-05-18
2;Luiz Adriano;br BRA;FW;Vitória;37-036;1987;0.8;14;15;93.3;177;21;8;9;88.9;4;4;100.0;0;0;;0;0.0;0.0;0.0;0;0;1;0;1;Matches;2024-05-18
3;Adson;br BRA;FW,MF;Vasco da Gama;23-225;2000;1.2;60;73;82.2;769;234;38;42;90.5;18;22;81.8;1;4;25.0;0;0.2;0.1;-0.2;2;6;2;0;6;Matches;2024-05-18
4;Lucas Alario;ar ARG;FW,MF;Internacional;31-223;1992;0.5;4;7;57.1;62;28;1;2;50.0;1;2;50.0;1;1;100.0;0;0.0;0.0;0.0;0;0;0;0;0;Matches;2024-05-18
5;Yuri Alberto;br BRA;FW;Corinthians;23-061;2001;2.4;27;36;75.0;329;70;17;21;81.0;8;8;100.0;0;1;0.0;0;0.1;0.1;-0.1;2;1;1;0;2;Matches;2024-05-18
6;Alerrandro;br BRA;FW;Vitória;24-127;2000;3.1;37;57;64.9;516;63;14;19;73.7;16;23;69.6;2;4;50.0;0;0.0;0.0;0.0;1;1;1;0;4;Matches;2024-05-18
7;Caio Alexandre;br BRA;MF;Bahia;25-084;1999;4.9;295;323;91.3;4913;1470;134;141;95.0;127;136;93.4;23;28;82.1;0;0.5;0.3;-0.5;2;32;4;1;36;Matches;2024-05-18
8;Matheus Alexandre;br BRA;DF;Cuiabá;25-041;1999;3.0;98;124;79.0;1495;570;53;59;89.8;39;50;78.0;3;7;42.9;0;0.1;0.1;-0.1;1;3;1;1;9;Matches;2024-05-18
9;Alexsander;br BRA;MF;Fluminense;20-223;2003;1.6;81;95;85.3;1273;306;43;46;93.5;27;29;93.1;7;11;63.6;1;0.4;0.1;+0.6;1;11;2;0;8;Matches;2024-05-18
10;Alisson;br BRA;GK;Criciúma;28-345;1995;2.0;41;57;71.9;1109;827;9;9;100.0;20;21;95.2;12;26;46.2;0;0.0;0.0;0.0;0;1;0;0;0;Matches;2024-05-18
11;Alisson;br BRA;DF,MF;Atlético Mineiro;18-240;2005;1.4;47;59;79.7;1101;285;11;13;84.6;24;25;96.0;11;17;64.7;0;0.1;0.4;-0.1;4;3;3;1;8;Matches;2024-05-18
12;Alisson;br BRA;MF;São Paulo;30-328;1993;5.7;352;399;88.2;6287;1403;138;150;92.0;177;191;92.7;27;36;75.0;1;0.3;0.4;+0.7;6;40;2;1;40;Matches;2024-05-18
13;Allan;br BRA;MF;Flamengo;27-076;1997;3.8;153;183;83.6;2489;499;77;87;88.5;66;75;88.0;8;16;50.0;0;0.0;0.3;0.0;2;18;1;0;13;Matches;2024-05-18
14;Anderson;br BRA;GK;Cruzeiro;26-074;1998;5.0;97;117;82.9;2482;1717;15;15;100.0;57;59;96.6;24;42;57.1;0;0.0;0.0;0.0;0;4;0;0;0;Matches;2024-05-18
15;Kervin Andrade;ve VEN;MF;Fortaleza;19-035;2005;0.8;14;23;60.9;302;108;7;10;70.0;2;4;50.0;5;8;62.5;0;0.2;0.1;-0.2;4;2;1;0;3;Matches;2024-05-18
16;Rodrigo Andrade;br BRA;MF,FW;Vitória;26-349;1997;2.6;91;103;88.3;1340;404;49;52;94.2;29;33;87.9;7;8;87.5;0;0.0;0.1;0.0;0;6;0;0;5;Matches;2024-05-18
17;André;br BRA;MF,DF;Fluminense;22-307;2001;3.0;214;233;91.8;3278;966;115;119;96.6;82;86;95.3;12;19;63.2;0;0.0;0.1;0.0;2;19;0;0;20;Matches;2024-05-18
18;Wilker Ángel;ve VEN;DF;Criciúma;31-061;1993;0.8;17;21;81.0;456;200;4;4;100.0;6;8;75.0;7;9;77.8;0;0.0;0.0;0.0;0;1;0;0;1;Matches;2024-05-18
19;Guilherme Arana;br BRA;DF;Atlético Mineiro;27-034;1997;4.1;258;312;82.7;4205;1300;143;155;92.3;95;114;83.3;18;28;64.3;1;0.3;0.4;+0.7;5;17;9;3;25;Matches;2024-05-18
20;Luiz Araújo;br BRA;FW,MF;Flamengo;27-351;1996;4.0;79;118;66.9;1462;375;38;46;82.6;27;34;79.4;12;25;48.0;0;0.1;0.2;-0.1;4;3;5;2;12;Matches;2024-05-18
21;Michel Araujo;uy URU;DF,MF;São Paulo;27-233;1996;2.7;138;156;88.5;2284;595;74;78;94.9;49;52;94.2;14;22;63.6;1;0.5;0.4;+0.5;7;8;8;2;13;Matches;2024-05-18
22;Robert Arboleda;ec ECU;DF;São Paulo;32-209;1991;6.0;396;437;90.6;8048;2978;108;114;94.7;237;249;95.2;46;66;69.7;0;0.4;0.1;-0.4;3;15;2;0;15;Matches;2024-05-18
23;Lucas Arcanjo;br BRA;GK;Vitória;25-284;1998;5.0;81;125;64.8;1858;1268;24;25;96.0;39;39;100.0;18;60;30.0;0;0.0;0.0;0.0;0;0;0;0;0;Matches;2024-05-18
24;Jhon Arias;co COL;FW;Fluminense;26-240;1997;6.0;220;262;84.0;2705;437;150;157;95.5;55;64;85.9;3;14;21.4;1;0.4;0.4;+0.6;6;11;4;0;17;Matches;2024-05-18
25;Santiago Arias;co COL;DF;Bahia;32-126;1992;6.0;269;322;83.5;4118;1678;137;148;92.6;113;137;82.5;11;20;55.0;0;0.8;0.8;-0.8;6;15;11;5;23;Matches;2024-05-18
26;Arthur;br BRA;FW;Cruzeiro;25-320;1998;3.8;77;104;74.0;1167;129;46;54;85.2;25;31;80.6;5;9;55.6;1;0.3;0.3;+0.7;2;1;2;1;7;Matches;2024-05-18
27;Arthur;br BRA;FW,MF;Criciúma;31-338;1992;1.0;21;24;87.5;263;82;13;15;86.7;7;7;100.0;0;0;;0;0.0;0.0;0.0;2;0;1;0;4;Matches;2024-05-18
28;Filipe Augusto;br BRA;MF;Cuiabá;30-280;1993;0.2;9;9;100.0;214;46;2;2;100.0;4;4;100.0;3;3;100.0;0;0.0;0.0;0.0;0;0;1;0;1;Matches;2024-05-18
29;Renato Augusto;br BRA;FW,MF;Fluminense;36-100;1988;0.7;25;32;78.1;297;60;18;20;90.0;5;6;83.3;1;2;50.0;0;0.1;0.1;-0.1;1;1;1;0;3;Matches;2024-05-18
30;Gabriel Baralhas;br BRA;MF;Atl Goianiense;25-221;1998;3.6;103;126;81.7;1742;644;42;46;91.3;50;56;89.3;6;12;50.0;0;0.0;0.1;0.0;3;8;2;0;19;Matches;2024-05-18
31;Danilo Barbosa;br BRA;MF;Botafogo (RJ);28-080;1996;3.5;149;171;87.1;2592;917;67;77;87.0;69;76;90.8;9;10;90.0;0;0.0;0.1;0.0;0;16;0;0;12;Matches;2024-05-18
32;Diogo Barbosa;br BRA;DF;Fluminense;31-275;1992;1.7;57;70;81.4;820;197;30;34;88.2;22;27;81.5;2;2;100.0;0;0.1;0.1;-0.1;1;7;1;1;4;Matches;2024-05-18
33;Gabriel Barbosa;br BRA;FW;Flamengo;27-262;1996;0.5;5;5;100.0;77;0;2;2;100.0;3;3;100.0;0;0;;0;0.0;0.0;0.0;0;0;0;0;0;Matches;2024-05-18
34;Lucas Barbosa;br BRA;MF,FW;Juventude;23-086;2001;3.3;79;118;66.9;1298;320;43;57;75.4;22;32;68.8;9;18;50.0;1;0.2;0.2;+0.8;5;10;4;0;17;Matches;2024-05-18
35;Alexander Barboza;ar ARG;DF,FW;Botafogo (RJ);29-063;1995;1.4;68;82;82.9;1121;447;29;33;87.9;37;42;88.1;1;5;20.0;0;0.0;0.0;0.0;0;3;1;0;10;Matches;2024-05-18
36;Mateo Barcia;uy URU;MF;Criciúma;23-089;2001;0.1;0;1;0.0;0;0;0;0;;0;0;;0;1;0.0;0;0.0;0.0;0.0;0;0;0;0;0;Matches;2024-05-18
37;Álvaro Barreal;ar ARG;MF,FW;Cruzeiro;23-275;2000;2.2;69;103;67.0;1180;339;31;39;79.5;34;44;77.3;3;13;23.1;2;0.1;0.1;+1.9;4;9;4;1;8;Matches;2024-05-18
38;Barreto;br BRA;MF;Criciúma;28-160;1995;2.9;88;97;90.7;1135;448;58;60;96.7;22;23;95.7;4;4;100.0;1;0.1;0.1;+0.9;1;13;1;0;11;Matches;2024-05-18
39;Gabriel Barros;br BRA;FW,MF;Atl Goianiense;22-206;2001;0.9;18;24;75.0;374;104;10;10;100.0;5;7;71.4;3;5;60.0;0;0.0;0.0;0.0;1;4;1;1;3;Matches;2024-05-18
40;Bastos;ao ANG;DF;Botafogo (RJ);33-052;1991;5.4;292;315;92.7;5430;1964;104;106;98.1;154;161;95.7;27;38;71.1;0;0.0;0.0;0.0;0;18;0;0;21;Matches;2024-05-18
41;Rodrigo Battaglia;ar ARG;DF;Atlético Mineiro;32-311;1991;2.4;125;144;86.8;2377;737;44;46;95.7;67;75;89.3;13;18;72.2;0;0.0;0.0;0.0;0;7;0;0;10;Matches;2024-05-18
42;José Luis Rodríguez Bebanz;uy URU;FW;Vasco da Gama;27-065;1997;0.0;4;4;100.0;34;8;4;4;100.0;0;0;;0;0;;0;0.0;0.0;0.0;0;0;0;0;0;Matches;2024-05-18
43;Ramiro Benetti;br BRA;MF;Cruzeiro;30-362;1993;2.4;92;114;80.7;1245;315;53;64;82.8;35;40;87.5;1;3;33.3;0;0.0;0.0;0.0;0;14;0;0;8;Matches;2024-05-18
44;Bento;br BRA;GK;Ath Paranaense;24-343;1999;6.0;102;145;70.3;3641;2807;16;16;100.0;38;42;90.5;48;85;56.5;0;0.0;0.0;0.0;0;3;0;0;0;Matches;2024-05-18
45;Raul Bicalho;br BRA;DF;Corinthians;25-024;1999;1.0;49;61;80.3;1096;376;13;17;76.5;27;29;93.1;9;13;69.2;0;0.0;0.0;0.0;0;2;0;0;3;Matches;2024-05-18
46;Matheus Bidu;br BRA;DF;Corinthians;25-014;1999;0.2;9;9;100.0;182;49;2;2;100.0;6;6;100.0;1;1;100.0;0;0.0;0.0;0.0;0;1;0;0;1;Matches;2024-05-18
47;Biel;br BRA;FW,MF;Bahia;23-047;2001;1.6;38;49;77.6;514;160;26;28;92.9;8;9;88.9;2;4;50.0;1;0.7;0.3;+0.3;6;1;3;0;7;Matches;2024-05-18
48;Guilherme Biro;br BRA;MF;Corinthians;20-028;2004;0.1;6;7;85.7;96;31;4;4;100.0;1;2;50.0;1;1;100.0;0;0.0;0.0;0.0;0;0;1;0;1;Matches;2024-05-18
49;Damián Bobadilla;py PAR;MF;São Paulo;22-312;2001;2.1;95;105;90.5;1648;357;34;41;82.9;49;50;98.0;6;6;100.0;0;0.2;0.4;-0.2;6;11;5;2;9;Matches;2024-05-18
50;Yannick Bolasie;cd COD;FW;Criciúma;34-360;1989;1.9;27;38;71.1;376;68;17;21;81.0;7;9;77.8;0;1;0.0;2;0.2;0.1;+1.8;4;1;1;0;3;Matches;2024-05-18
51;Thiago Borbas;uy URU;FW;Red Bull Bragantino;22-041;2002;2.2;16;31;51.6;203;38;8;17;47.1;6;7;85.7;0;0;;0;0.0;0.1;0.0;2;1;1;0;3;Matches;2024-05-18
52;Marllon Borges;br BRA;DF;Cuiabá;32-032;1992;4.0;140;165;84.8;2671;843;50;57;87.7;71;83;85.5;14;16;87.5;0;0.0;0.1;0.0;0;9;1;0;7;Matches;2024-05-18
53;Pedro Borges;br BRA;MF;Fortaleza;27-076;1997;2.4;69;92;75.0;1216;435;29;38;76.3;31;37;83.8;8;12;66.7;1;0.2;0.1;+0.8;2;8;1;1;11;Matches;2024-05-18
54;Rafael Borré;co COL;FW;Internacional;28-246;1995;4.0;54;67;80.6;675;96;36;42;85.7;11;14;78.6;2;2;100.0;1;0.3;0.2;+0.7;5;0;3;0;4;Matches;2024-05-18
55;Danilo Boza;br BRA;DF;Juventude;26-012;1998;3.0;164;177;92.7;2883;962;68;71;95.8;83;88;94.3;11;14;78.6;0;0.1;0.3;-0.1;2;6;0;0;7;Matches;2024-05-18
56;Breno;br BRA;FW;Fortaleza;28-115;1996;2.1;35;49;71.4;557;144;21;29;72.4;12;15;80.0;2;4;50.0;2;0.1;0.1;+1.9;2;7;0;0;8;Matches;2024-05-18
57;Breno;br BRA;MF;Corinthians;19-088;2005;2.9;91;111;82.0;1619;421;40;48;83.3;37;42;88.1;13;18;72.2;0;0.0;0.0;0.0;2;10;0;0;9;Matches;2024-05-18
58;Emanuel Brítez;ar ARG;DF;Fortaleza;32-053;1992;4.0;69;105;65.7;1489;734;22;25;88.0;33;47;70.2;14;31;45.2;0;0.0;0.0;0.0;1;4;0;0;5;Matches;2024-05-18
59;Bruninho;br BRA;FW,MF;Red Bull Bragantino;21-065;2003;0.9;24;30;80.0;416;94;12;15;80.0;6;8;75.0;3;4;75.0;1;0.1;0.0;+0.9;2;5;1;0;4;Matches;2024-05-18
60;Fabrício Bruno;br BRA;DF;Flamengo;28-096;1996;5.0;281;312;90.1;5629;2184;87;93;93.5;160;169;94.7;32;43;74.4;0;0.0;0.2;0.0;1;7;1;0;16;Matches;2024-05-18
61;Fabricio Bustos;ar ARG;DF,MF;Internacional;28-020;1996;3.2;169;211;80.1;2990;1013;75;90;83.3;73;86;84.9;15;23;65.2;0;0.3;0.4;-0.3;5;13;4;4;16;Matches;2024-05-18
62;Rafael Cabral;br BRA;GK;Grêmio;33-364;1990;1.0;16;21;76.2;481;405;2;2;100.0;8;8;100.0;6;11;54.5;0;0.0;0.0;0.0;0;0;0;0;0;Matches;2024-05-18
63;Cacá;br BRA;DF;Corinthians;25-023;1999;2.8;114;130;87.7;2496;723;24;26;92.3;72;74;97.3;17;25;68.0;0;0.0;0.0;0.0;0;4;0;0;4;Matches;2024-05-18
64;Jonathan Cafu;br BRA;MF,FW;Cuiabá;32-313;1991;1.1;18;29;62.1;231;50;9;13;69.2;6;11;54.5;1;1;100.0;0;0.0;0.0;0.0;0;0;2;0;4;Matches;2024-05-18
65;Jonathan Calleri;ar ARG;FW;São Paulo;30-238;1993;4.4;47;81;58.0;682;124;30;41;73.2;13;21;61.9;3;3;100.0;0;0.0;0.1;0.0;1;3;0;0;4;Matches;2024-05-18
66;Patric Calmon PK;br BRA;DF;Vitória;29-318;1994;1.5;55;78;70.5;864;327;30;36;83.3;20;29;69.0;4;8;50.0;0;0.0;0.1;0.0;0;4;1;1;6;Matches;2024-05-18
67;Camutanga;br BRA;DF;Vitória;30-234;1993;2.0;68;76;89.5;1377;577;23;23;100.0;37;39;94.9;8;12;66.7;0;0.0;0.0;0.0;0;2;0;0;4;Matches;2024-05-18
68;Yerson Candelo;co COL;DF;Criciúma;32-084;1992;0.3;19;23;82.6;349;146;8;8;100.0;8;10;80.0;3;5;60.0;0;0.1;0.1;-0.1;2;1;1;1;0;Matches;2024-05-18
69;Luan Cândido;br BRA;DF;Red Bull Bragantino;23-106;2001;6.0;145;205;70.7;2593;805;57;72;79.2;66;84;78.6;15;33;45.5;0;0.0;0.1;0.0;1;5;0;0;5;Matches;2024-05-18
70;Germán Cano;ar ARG;FW,MF;Fluminense;36-106;1988;4.6;66;89;74.2;1078;195;30;36;83.3;23;30;76.7;8;12;66.7;0;0.2;0.1;-0.2;3;2;1;0;6;Matches;2024-05-18
71;Agustín Canobbio;uy URU;FW,MF;Ath Paranaense;25-230;1998;3.3;71;89;79.8;976;291;37;41;90.2;27;31;87.1;2;4;50.0;1;0.8;0.4;+0.2;6;7;8;0;16;Matches;2024-05-18
72;Juninho Capixaba;br BRA;DF,MF;Red Bull Bragantino;26-317;1997;3.8;105;170;61.8;2004;693;42;55;76.4;44;70;62.9;17;34;50.0;0;0.0;0.1;0.0;3;9;2;1;14;Matches;2024-05-18
73;Carlinhos;br BRA;FW,DF;Flamengo;27-096;1997;0.7;7;10;70.0;76;26;4;6;66.7;2;3;66.7;0;0;;0;0.0;0.0;0.0;0;0;0;0;1;Matches;2024-05-18
74;Antonio Carlos;br BRA;DF;Fluminense;31-072;1993;1.5;73;84;86.9;1423;597;33;33;100.0;34;36;94.4;6;13;46.2;0;0.1;0.1;-0.1;1;6;0;0;8;Matches;2024-05-18
75;Jean Carlos Vicente;br BRA;FW,MF;Juventude;32-093;1992;2.3;61;99;61.6;1029;380;28;40;70.0;24;32;75.0;5;16;31.3;1;0.9;0.7;+0.1;3;11;2;0;13;Matches;2024-05-18
76;Cássio;br BRA;GK;Corinthians;36-347;1987;3.0;71;88;80.7;2098;1347;8;8;100.0;34;36;94.4;28;42;66.7;0;0.0;0.0;0.0;0;0;0;0;0;Matches;2024-05-18
77;Iury de Castilho;br BRA;FW,MF;Vitória;28-255;1995;0.8;21;25;84.0;283;114;13;14;92.9;6;7;85.7;1;1;100.0;0;0.0;0.0;0.0;1;0;2;0;8;Matches;2024-05-18
78;Murilo Cerqueira;br BRA;DF;Palmeiras;27-052;1997;4.8;182;218;83.5;3771;1338;52;60;86.7;108;119;90.8;21;33;63.6;0;0.1;0.1;-0.1;1;16;1;0;16;Matches;2024-05-18
79;Reynaldo Cesar Moraes;br BRA;DF;Vitória;27-136;1997;1.9;50;60;83.3;859;337;16;16;100.0;31;35;88.6;2;3;66.7;0;0.0;0.0;0.0;0;0;0;0;2;Matches;2024-05-18
80;Christian;br BRA;FW,MF;Ath Paranaense;23-151;2000;1.2;36;43;83.7;531;88;22;24;91.7;9;12;75.0;4;4;100.0;0;0.0;0.0;0.0;0;1;1;0;4;Matches;2024-05-18
81;Eliel Chrystian;br BRA;MF;Cuiabá;21-113;2003;0.5;3;4;75.0;28;4;3;4;75.0;0;0;;0;0;;0;0.0;0.0;0.0;0;0;0;0;0;Matches;2024-05-18
82;Cicinho;bg BUL;MF;Bahia;35-144;1988;0.0;0;1;0.0;0;0;0;1;0.0;0;0;;0;0;;0;0.0;0.0;0.0;0;0;0;0;0;Matches;2024-05-18
83;José Cifuentes;ec ECU;MF;Cruzeiro;25-067;1999;0.8;28;39;71.8;380;88;19;23;82.6;9;14;64.3;0;1;0.0;0;0.0;0.0;0.0;0;4;0;0;3;Matches;2024-05-18
84;Claudinho;br BRA;DF;Criciúma;23-237;2000;2.7;128;151;84.8;2030;770;71;75;94.7;45;48;93.8;9;21;42.9;0;0.2;0.2;-0.2;5;6;2;2;8;Matches;2024-05-18
85;Clayson;br BRA;MF;Cuiabá;29-060;1995;2.0;35;48;72.9;579;178;14;17;82.4;18;21;85.7;2;5;40.0;0;0.0;0.1;0.0;0;5;2;0;8;Matches;2024-05-18
86;Clayton;br BRA;FW;Vasco da Gama;25-128;1999;0.6;9;12;75.0;151;3;3;4;75.0;3;4;75.0;1;1;100.0;0;0.0;0.0;0.0;0;0;0;0;0;Matches;2024-05-18
87;Mateus Cocão;br BRA;MF;Vasco da Gama;22-061;2002;3.2;169;201;84.1;2751;670;79;90;87.8;72;82;87.8;13;13;100.0;0;0.0;0.2;0.0;0;17;1;0;20;Matches;2024-05-18
88;Igor Coronado;br BRA;MF,FW;Corinthians;31-274;1992;2.0;65;96;67.7;1113;380;29;34;85.3;27;37;73.0;7;15;46.7;0;0.4;0.8;-0.4;5;9;5;3;11;Matches;2024-05-18
89;Diego Costa;es ESP;FW;Grêmio;35-224;1988;1.3;19;25;76.0;287;73;8;10;80.0;9;11;81.8;0;0;;0;0.0;0.0;0.0;0;2;0;0;3;Matches;2024-05-18
90;Douglas Costa;br BRA;FW;Fluminense;33-247;1990;1.8;82;114;71.9;1232;312;41;47;87.2;30;42;71.4;6;15;40.0;0;0.3;0.4;-0.3;6;7;3;2;9;Matches;2024-05-18
91;Franco Cristaldo;ar ARG;MF;Grêmio;27-277;1996;3.1;129;163;79.1;2172;639;57;63;90.5;53;67;79.1;12;24;50.0;0;0.3;0.3;-0.3;7;16;1;0;22;Matches;2024-05-18
92;Alejo Cruz;uy URU;MF;Atl Goianiense;23-260;2000;1.7;36;47;76.6;506;192;23;25;92.0;11;14;78.6;1;2;50.0;0;0.1;0.1;-0.1;2;5;3;1;8;Matches;2024-05-18
93;Tomás Cuello;ar ARG;FW,MF;Ath Paranaense;24-074;2000;3.8;101;132;76.5;1653;340;52;60;86.7;40;50;80.0;8;13;61.5;0;0.3;0.7;-0.3;7;2;6;1;11;Matches;2024-05-18
94;Víctor Cuesta;ar ARG;DF;Bahia;35-181;1988;2.7;98;109;89.9;1704;659;40;43;93.0;50;54;92.6;7;11;63.6;0;0.0;0.0;0.0;0;3;0;0;7;Matches;2024-05-18
95;Cuiabano;br BRA;DF;Grêmio;21-092;2003;1.8;77;106;72.6;1345;511;36;40;90.0;32;39;82.1;6;16;37.5;0;0.0;0.0;0.0;0;10;2;0;10;Matches;2024-05-18
96;Cuiabano;br BRA;DF;Botafogo (RJ);21-092;2003;1.5;55;74;74.3;781;131;30;34;88.2;21;28;75.0;1;8;12.5;0;0.0;0.0;0.0;0;0;1;1;0;Matches;2024-05-18
97;Lucas Cunha;br BRA;DF;Red Bull Bragantino;27-116;1997;0.3;2;5;40.0;33;27;1;2;50.0;1;2;50.0;0;1;0.0;0;0.0;0.0;0.0;0;1;0;0;1;Matches;2024-05-18
98;Danielzinho;br BRA;MF;Atl Goianiense;28-128;1996;0.2;16;22;72.7;324;137;4;5;80.0;11;12;91.7;1;3;33.3;0;0.0;0.0;0.0;0;3;0;0;4;Matches;2024-05-18
99;David;br BRA;FW;Vasco da Gama;28-214;1995;5.7;123;157;78.3;1869;407;67;74;90.5;46;57;80.7;7;10;70.0;1;0.8;1.1;+0.2;8;8;6;1;15;Matches;2024-05-18
100;Giorgian De Arrascaeta;uy URU;MF;Flamengo;29-352;1994;2.8;92;118;78.0;1457;368;41;49;83.7;42;51;82.4;6;14;42.9;0;0.2;0.4;-0.2;5;4;5;1;18;Matches;2024-05-18
101;Nicolás De La Cruz;uy URU;MF;Flamengo;26-352;1997;5.0;255;319;79.9;4556;1576;131;151;86.8;94;113;83.2;29;49;59.2;2;1.5;1.4;+0.5;16;49;14;2;45;Matches;2024-05-18
102;Denilson;br BRA;MF;Cuiabá;23-056;2001;2.5;91;109;83.5;1397;361;51;53;96.2;33;35;94.3;6;17;35.3;0;0.1;0.1;-0.1;3;4;0;0;5;Matches;2024-05-18
103;Derek;br BRA;FW;Atl Goianiense;26-168;1997;1.5;17;26;65.4;260;103;10;17;58.8;6;7;85.7;1;1;100.0;0;0.6;0.2;-0.6;4;3;1;0;5;Matches;2024-05-18
104;Deyverson;br BRA;FW;Cuiabá;33-010;1991;0.8;10;14;71.4;213;26;4;6;66.7;4;5;80.0;2;2;100.0;0;0.0;0.0;0.0;0;1;0;0;1;Matches;2024-05-18
105;Matheus Dias;br BRA;DF;Internacional;27-101;1997;0.1;8;11;72.7;154;2;2;4;50.0;5;5;100.0;1;2;50.0;0;0.0;0.0;0.0;0;0;0;0;0;Matches;2024-05-18
106;Diego;br BRA;DF;São Paulo;24-302;1999;5.0;322;373;86.3;5687;1768;134;143;93.7;158;172;91.9;25;44;56.8;0;0.1;0.2;-0.1;3;35;2;2;28;Matches;2024-05-18
107;Dodi;br BRA;MF;Grêmio;28-031;1996;2.0;49;57;86.0;671;187;22;27;81.5;22;23;95.7;0;2;0.0;0;0.0;0.0;0.0;0;2;1;0;5;Matches;2024-05-18
108;Dudu;br BRA;MF;Vitória;24-348;1999;2.3;101;129;78.3;1733;850;44;52;84.6;47;55;85.5;8;16;50.0;0;0.1;0.1;-0.1;3;18;1;0;21;Matches;2024-05-18
109;Edenílson;br BRA;FW;Grêmio;34-152;1989;0.5;21;23;91.3;256;50;10;10;100.0;8;10;80.0;0;0;;0;0.0;0.1;0.0;1;1;0;0;1;Matches;2024-05-18
110;Éder;it ITA;FW;Criciúma;37-185;1986;1.0;20;30;66.7;354;110;8;12;66.7;8;8;100.0;2;2;100.0;0;0.0;0.0;0.0;0;4;1;0;4;Matches;2024-05-18
111;Carlos Eduardo;br BRA;FW;Atlético Mineiro;19-360;2004;0.1;11;11;100.0;157;17;6;6;100.0;3;3;100.0;1;1;100.0;0;0.0;0.0;0.0;1;1;0;0;2;Matches;2024-05-18
112;Carlos Eduardo;br BRA;FW;Botafogo (RJ);34-214;1989;1.0;26;30;86.7;530;129;9;12;75.0;12;13;92.3;5;5;100.0;0;0.0;0.0;0.0;1;6;0;0;3;Matches;2024-05-18
113;Kauã Elias;br BRA;MF,FW;Fluminense;18-051;2006;1.0;17;22;77.3;216;70;11;13;84.6;5;6;83.3;0;0;;0;0.3;0.2;-0.3;1;2;0;0;5;Matches;2024-05-18
114;Rafael Elias;br BRA;FW;Cruzeiro;25-036;1999;1.1;17;24;70.8;242;76;13;13;100.0;1;5;20.0;2;3;66.7;0;0.0;0.0;0.0;0;3;1;0;3;Matches;2024-05-18
115;Eliédson;br BRA;MF;Criciúma;21-062;2003;0.0;1;1;100.0;6;0;1;1;100.0;0;0;;0;0;;0;0.0;0.0;0.0;0;0;0;0;0;Matches;2024-05-18
116;Rodrigo Ely;br BRA;DF;Grêmio;30-197;1993;3.0;133;157;84.7;2568;610;39;40;97.5;87;96;90.6;7;18;38.9;0;0.0;0.0;0.0;0;6;0;0;5;Matches;2024-05-18
117;Alan Empereur;br BRA;DF;Cuiabá;30-069;1994;2.9;121;152;79.6;2650;1349;39;41;95.1;61;67;91.0;21;39;53.8;0;0.2;0.1;-0.2;1;13;3;1;9;Matches;2024-05-18
118;Endrick;br BRA;FW,MF;Palmeiras;17-302;2006;5.0;74;103;71.8;1320;317;36;48;75.0;21;28;75.0;12;15;80.0;0;0.7;0.4;-0.7;2;11;4;1;15;Matches;2024-05-18
119;Erick;br BRA;MF;Ath Paranaense;26-186;1997;5.9;229;269;85.1;4081;1160;91;103;88.3;119;130;91.5;14;21;66.7;0;0.1;0.3;-0.1;3;28;3;1;20;Matches;2024-05-18
120;Erick;br BRA;DF,MF;São Paulo;26-160;1997;1.4;43;58;74.1;787;248;16;18;88.9;21;23;91.3;4;8;50.0;1;0.5;0.6;+0.5;8;2;4;2;4;Matches;2024-05-18
121;Erick;br BRA;FW;Juventude;27-136;1997;3.1;41;56;73.2;512;85;31;36;86.1;9;12;75.0;0;1;0.0;0;0.3;0.1;-0.3;4;1;2;0;6;Matches;2024-05-18
122;Lucas Esquivel;ar ARG;DF;Ath Paranaense;22-217;2001;5.7;247;314;78.7;4083;1184;108;121;89.3;116;135;85.9;16;38;42.1;2;1.1;1.5;+0.9;7;20;7;5;17;Matches;2024-05-18
123;Estevão;br BRA;FW,DF;Palmeiras;18-024;2006;2.8;57;77;74.0;762;262;44;52;84.6;9;14;64.3;3;7;42.9;0;0.1;0.2;-0.1;2;7;2;0;7;Matches;2024-05-18
124;Lucas Esteves;br BRA;DF;Vitória;23-329;2000;3.4;139;178;78.1;2138;840;70;76;92.1;61;76;80.3;5;15;33.3;0;0.3;0.3;-0.3;3;8;1;1;16;Matches;2024-05-18
125;Oscar Estupiñan;co COL;FW;Bahia;27-141;1996;0.6;8;12;66.7;96;17;5;5;100.0;2;5;40.0;0;0;;0;0.1;0.0;-0.1;1;1;2;0;2;Matches;2024-05-18
126;Lucas Evangelista;br BRA;MF;Red Bull Bragantino;29-012;1995;0.8;19;27;70.4;314;105;12;15;80.0;4;6;66.7;3;6;50.0;0;0.0;0.0;0.0;1;4;0;0;3;Matches;2024-05-18
127;Éverson;br BRA;GK;Atlético Mineiro;33-301;1990;5.0;138;164;84.1;3717;2440;20;21;95.2;73;75;97.3;45;68;66.2;0;0.0;0.0;0.0;0;2;0;0;1;Matches;2024-05-18
128;Everton;br BRA;FW;Grêmio;27-062;1997;0.4;9;9;100.0;141;9;6;6;100.0;1;1;100.0;2;2;100.0;0;0.0;0.0;0.0;0;0;0;0;0;Matches;2024-05-18
129;Bruno Fabiano Alves;br BRA;DF;Cuiabá;33-032;1991;2.2;81;86;94.2;1732;591;20;21;95.2;49;51;96.1;12;14;85.7;0;0.0;0.0;0.0;0;2;0;0;2;Matches;2024-05-18
130;Fabinho;br BRA;MF;Palmeiras;22-039;2002;0.4;21;28;75.0;282;126;11;13;84.6;8;11;72.7;1;1;100.0;0;0.1;0.0;-0.1;2;5;0;0;7;Matches;2024-05-18
131;Fábio;br BRA;GK;Fluminense;43-231;1980;6.0;149;174;85.6;2715;1797;44;45;97.8;52;53;98.1;24;46;52.2;0;0.0;0.0;0.0;0;1;0;0;0;Matches;2024-05-18
132;Fábio;br BRA;DF;Grêmio;33-314;1990;2.3;86;113;76.1;1294;584;46;49;93.9;32;44;72.7;6;16;37.5;0;0.0;0.1;0.0;2;5;1;0;5;Matches;2024-05-18
133;Fagner;br BRA;DF,MF;Corinthians;34-342;1989;4.3;160;211;75.8;2742;1198;71;80;88.8;72;88;81.8;13;31;41.9;0;0.6;0.5;-0.6;7;10;5;3;14;Matches;2024-05-18
134;Rodrigo Fagundes;br BRA;DF;Criciúma;37-069;1987;3.0;125;150;83.3;2776;1447;40;43;93.0;58;62;93.5;26;38;68.4;0;0.0;0.0;0.0;0;21;1;0;7;Matches;2024-05-18
135;Luiz Felipe;br BRA;DF,MF;Atl Goianiense;30-252;1993;2.1;60;79;75.9;1129;355;18;22;81.8;36;43;83.7;5;12;41.7;0;0.0;0.0;0.0;0;4;0;0;3;Matches;2024-05-18
136;Marcos Felipe;br BRA;GK;Bahia;28-035;1996;6.0;183;232;78.9;4821;3053;30;30;100.0;103;106;97.2;49;94;52.1;0;0.0;0.0;0.0;0;2;0;0;0;Matches;2024-05-18
137;Lucas Fernandes;br BRA;MF;Cuiabá;26-241;1997;1.5;71;85;83.5;1239;329;38;40;95.0;26;31;83.9;7;12;58.3;0;0.0;0.2;0.0;2;7;2;2;8;Matches;2024-05-18
138;Matheus Fernandes;br BRA;MF;Red Bull Bragantino;25-323;1998;0.4;13;17;76.5;207;57;5;7;71.4;8;9;88.9;0;0;;0;0.0;0.0;0.0;0;0;0;0;0;Matches;2024-05-18
139;Nathan Fernandes;br BRA;FW,MF;Grêmio;19-092;2005;1.3;34;42;81.0;435;150;20;20;100.0;11;13;84.6;0;1;0.0;0;0.0;0.2;0.0;1;3;3;0;4;Matches;2024-05-18
140;Gatito Fernández;py PAR;GK;Botafogo (RJ);36-050;1988;3.0;74;96;77.1;2241;1591;10;10;100.0;35;36;97.2;29;49;59.2;0;0.0;0.0;0.0;0;0;0;0;0;Matches;2024-05-18
141;Fernandinho;br BRA;MF;Ath Paranaense;39-014;1985;5.7;280;351;79.8;5144;1880;122;136;89.7;117;130;90.0;37;71;52.1;1;1.2;1.3;-0.2;18;50;10;3;51;Matches;2024-05-18
142;Fernando;br BRA;DF;Ath Paranaense;24-247;1999;0.2;0;4;0.0;0;0;0;0;;0;2;0.0;0;2;0.0;0;0.0;0.0;0.0;0;0;0;0;0;Matches;2024-05-18
143;Fernando;br BRA;MF,DF;Internacional;36-298;1987;1.1;84;95;88.4;1505;510;42;47;89.4;35;38;92.1;7;9;77.8;0;0.1;0.1;-0.1;1;7;0;0;6;Matches;2024-05-18
144;Luiz Fernando;br BRA;FW,MF;Atl Goianiense;27-215;1996;4.9;70;108;64.8;1019;407;44;55;80.0;20;32;62.5;5;7;71.4;0;0.2;0.2;-0.2;5;7;3;2;10;Matches;2024-05-18
145;Nahuel Ferraresi;ve VEN;DF;São Paulo;25-181;1998;1.8;137;148;92.6;2538;1226;47;50;94.0;74;80;92.5;14;15;93.3;0;0.0;0.1;0.0;1;17;1;0;17;Matches;2024-05-18
146;Ferreira;br BRA;MF,FW;São Paulo;26-139;1997;1.2;36;47;76.6;488;79;23;25;92.0;10;15;66.7;1;3;33.3;0;0.0;0.0;0.0;0;2;1;0;4;Matches;2024-05-18
147;Filipinho;br BRA;MF,FW;Ath Paranaense;22-213;2001;0.6;18;20;90.0;247;42;14;15;93.3;3;3;100.0;1;2;50.0;0;0.0;0.0;0.0;0;1;0;0;1;Matches;2024-05-18
148;Alan Franco;ec ECU;MF;Atlético Mineiro;25-271;1998;4.0;154;181;85.1;2363;482;82;93;88.2;60;68;88.2;7;8;87.5;0;0.7;1.0;-0.7;3;8;1;0;11;Matches;2024-05-18
149;Alan Franco;ar ARG;DF;São Paulo;27-220;1996;3.5;213;236;90.3;3830;1274;84;86;97.7;113;121;93.4;15;22;68.2;0;0.1;0.0;-0.1;2;20;0;0;19;Matches;2024-05-18
150;Lucas Freitas;br BRA;DF;Juventude;23-119;2001;0.4;10;13;76.9;216;32;3;3;100.0;5;7;71.4;2;3;66.7;0;0.0;0.0;0.0;0;0;0;0;0;Matches;2024-05-18
151;Marlon Freitas;br BRA;MF;Botafogo (RJ);29-052;1995;3.5;227;256;88.7;4602;1472;77;89;86.5;108;111;97.3;38;45;84.4;1;0.6;0.7;+0.4;7;42;6;1;42;Matches;2024-05-18
152;Bruno Fuchs;br BRA;DF;Atlético Mineiro;25-047;1999;0.9;67;72;93.1;1508;578;12;12;100.0;43;48;89.6;12;12;100.0;0;0.0;0.0;0.0;0;11;0;0;4;Matches;2024-05-18
153;Gabriel;br BRA;DF;Bahia;23-012;2001;5.0;245;293;83.6;4549;1739;96;99;97.0;129;146;88.4;18;39;46.2;0;0.0;0.0;0.0;1;13;0;0;11;Matches;2024-05-18
154;Gabriel;br BRA;GK;Juventude;31-234;1992;4.0;115;130;88.5;2745;1595;18;18;100.0;69;69;100.0;28;43;65.1;0;0.0;0.0;0.0;0;1;0;0;0;Matches;2024-05-18
155;Marquinhos Gabriel;br BRA;MF;Criciúma;33-302;1990;2.6;86;97;88.7;1456;344;41;44;93.2;29;34;85.3;10;11;90.9;0;0.4;0.6;-0.4;3;7;2;0;8;Matches;2024-05-18
156;Zé Gabriel;br BRA;MF;Vasco da Gama;25-118;1999;0.7;38;45;84.4;653;227;19;21;90.5;14;15;93.3;5;7;71.4;0;0.0;0.0;0.0;0;3;0;0;1;Matches;2024-05-18
157;Pablo Galdames Millán;cl CHI;MF;Vasco da Gama;27-140;1996;4.6;199;239;83.3;3789;1246;79;86;91.9;85;96;88.5;31;42;73.8;0;0.3;0.5;-0.3;8;31;2;2;30;Matches;2024-05-18
158;Giuliano Galoppo;ar ARG;MF;São Paulo;24-335;1999;1.7;56;71;78.9;801;252;36;37;97.3;19;25;76.0;1;3;33.3;0;0.4;0.3;-0.4;1;9;2;0;11;Matches;2024-05-18
159;Léo Gamalho;br BRA;FW;Vitória;38-109;1986;0.2;10;10;100.0;144;34;6;6;100.0;3;3;100.0;1;1;100.0;0;0.0;0.0;0.0;0;0;0;0;2;Matches;2024-05-18
160;Mateo Gamarra;py PAR;DF;Ath Paranaense;23-211;2000;3.0;97;113;85.8;1904;995;33;36;91.7;51;55;92.7;12;19;63.2;0;0.0;0.1;0.0;1;13;2;0;12;Matches;2024-05-18
161;Ganso;br BRA;MF;Fluminense;34-219;1989;4.0;222;255;87.1;3195;1219;146;161;90.7;58;63;92.1;14;18;77.8;2;0.5;0.5;+1.5;11;18;3;0;26;Matches;2024-05-18
162;Luan Garcia;br BRA;DF;Palmeiras;31-008;1993;2.6;77;90;85.6;1613;454;22;26;84.6;47;49;95.9;8;13;61.5;0;0.0;0.0;0.0;0;4;0;0;1;Matches;2024-05-18
163;Rodrigo Garro;ar ARG;MF;Corinthians;26-135;1998;5.7;224;323;69.3;4119;1406;105;130;80.8;78;102;76.5;31;71;43.7;1;1.0;1.6;0.0;15;24;8;1;29;Matches;2024-05-18
164;Pedro Geromel;br BRA;DF;Grêmio;38-240;1985;1.0;44;56;78.6;803;247;14;17;82.4;28;29;96.6;1;7;14.3;0;0.0;0.0;0.0;0;0;0;0;1;Matches;2024-05-18
165;Gerson;br BRA;FW,MF;Flamengo;26-364;1997;3.0;147;170;86.5;2177;541;79;83;95.2;53;62;85.5;7;9;77.8;1;0.4;0.8;+0.6;7;12;3;0;20;Matches;2024-05-18
166;Gilberto;br BRA;FW;Juventude;34-348;1989;0.2;2;3;66.7;20;0;0;1;0.0;1;1;100.0;0;0;;0;0.0;0.0;0.0;0;0;0;0;0;Matches;2024-05-18
167;Luciano Giménez;ar ARG;FW;Cuiabá;24-090;2000;0.6;7;8;87.5;84;0;5;5;100.0;2;2;100.0;0;0;;0;0.0;0.0;0.0;0;0;0;0;0;Matches;2024-05-18
168;Giovane;br BRA;DF;Corinthians;20-176;2003;0.1;4;4;100.0;104;41;1;1;100.0;1;1;100.0;2;2;100.0;0;0.0;0.1;0.0;1;0;2;2;0;Matches;2024-05-18
169;Leonardo Godoy;ar ARG;DF;Ath Paranaense;29-020;1995;4.5;143;213;67.1;2288;807;62;70;88.6;69;100;69.0;6;30;20.0;0;0.4;0.3;-0.4;1;6;3;2;12;Matches;2024-05-18
170;Bruno Gomes;br BRA;MF;Internacional;23-044;2001;0.6;43;56;76.8;638;183;24;27;88.9;13;16;81.3;3;5;60.0;0;0.2;0.3;-0.2;3;6;1;1;5;Matches;2024-05-18
171;Igor Gomes;br BRA;MF;Atlético Mineiro;25-062;1999;2.2;107;127;84.3;1720;502;51;54;94.4;40;43;93.0;10;17;58.8;1;0.3;0.4;+0.7;5;11;5;1;15;Matches;2024-05-18
172;Igor Gomes;br BRA;DF;Internacional;23-073;2001;0.0;0;0;;0;0;0;0;;0;0;;0;0;;0;0.0;0.0;0.0;0;0;0;0;0;Matches;2024-05-18
173;William Gomes;br BRA;DF;São Paulo;18-064;2006;0.3;10;16;62.5;113;40;7;7;100.0;2;5;40.0;0;1;0.0;0;0.0;0.0;0.0;0;0;0;0;0;Matches;2024-05-18
174;Gustavo Gómez;py PAR;DF;Palmeiras;31-012;1993;5.0;204;237;86.1;4049;1643;63;71;88.7;118;131;90.1;20;29;69.0;0;0.4;0.0;-0.4;1;9;0;0;17;Matches;2024-05-18
175;Mateus Gonçalves Martins;br BRA;MF,FW;Vitória;29-233;1994;2.3;46;60;76.7;883;174;21;26;80.8;18;23;78.3;7;8;87.5;0;0.4;0.2;-0.4;7;4;3;2;4;Matches;2024-05-18
176;Yony González;co COL;MF,FW;Atl Goianiense;29-312;1994;1.1;17;24;70.8;305;69;7;10;70.0;7;8;87.5;2;4;50.0;0;0.1;0.1;-0.1;2;1;1;1;4;Matches;2024-05-18
177;Gregore;br BRA;MF;Botafogo (RJ);30-077;1994;3.2;169;191;88.5;2887;912;71;79;89.9;79;81;97.5;12;21;57.1;0;0.1;0.0;-0.1;3;10;1;0;15;Matches;2024-05-18
178;Guga;br BRA;DF;Fluminense;25-263;1998;0.6;41;44;93.2;608;175;20;20;100.0;20;21;95.2;0;0;;0;0.0;0.0;0.0;1;2;1;0;3;Matches;2024-05-18
179;Guilherme;br BRA;DF;Red Bull Bragantino;22-094;2002;1.2;30;50;60.0;631;252;11;16;68.8;14;25;56.0;4;7;57.1;0;0.0;0.0;0.0;0;3;0;0;1;Matches;2024-05-18
180;Luis Guilherme;br BRA;FW,DF;Palmeiras;18-099;2006;1.5;54;65;83.1;911;249;32;37;86.5;18;22;81.8;4;6;66.7;1;0.9;1.0;+0.1;10;4;4;3;5;Matches;2024-05-18
181;Zé Guilherme;br BRA;DF;Grêmio;19-063;2005;0.9;65;73;89.0;847;284;45;48;93.8;16;20;80.0;1;1;100.0;0;0.0;0.0;0.0;0;9;0;0;3;Matches;2024-05-18
182;Gustavinho;br BRA;MF;Red Bull Bragantino;20-025;2004;4.3;99;144;68.8;1747;672;45;60;75.0;34;46;73.9;15;25;60.0;1;0.5;0.5;+0.5;13;12;3;1;14;Matches;2024-05-18
183;Gustavo;br BRA;GK;Criciúma;31-069;1993;1.0;25;29;86.2;576;363;6;6;100.0;10;10;100.0;6;10;60.0;0;0.0;0.0;0.0;0;0;0;0;0;Matches;2024-05-18
184;Lucas Halter;br BRA;DF;Botafogo (RJ);24-016;2000;4.8;243;265;91.7;4785;1877;66;69;95.7;144;155;92.9;30;35;85.7;0;0.0;0.0;0.0;1;10;0;0;7;Matches;2024-05-18
185;Thiago Heleno;br BRA;DF;Ath Paranaense;35-244;1988;3.0;141;164;86.0;3526;1411;26;30;86.7;84;88;95.5;31;44;70.5;0;0.0;0.1;0.0;2;9;1;0;8;Matches;2024-05-18
186;Helinho;br BRA;FW;Red Bull Bragantino;24-023;2000;1.2;30;58;51.7;454;171;18;23;78.3;9;12;75.0;2;16;12.5;0;0.1;0.1;-0.1;4;2;1;0;3;Matches;2024-05-18
187;Bruno Henrique;br BRA;FW;Flamengo;33-140;1990;4.3;82;113;72.6;1190;307;44;58;75.9;35;42;83.3;2;4;50.0;0;0.2;0.3;-0.2;4;7;5;1;14;Matches;2024-05-18
188;Bruno Henrique;br BRA;MF;Internacional;34-210;1989;2.6;109;125;87.2;1830;533;59;64;92.2;33;38;86.8;13;17;76.5;1;0.3;0.3;+0.7;8;12;3;2;11;Matches;2024-05-18
189;Gustavo Henrique;br BRA;DF;Corinthians;31-055;1993;2.8;107;118;90.7;2018;605;38;39;97.4;60;64;93.8;9;15;60.0;0;0.0;0.0;0.0;1;4;0;0;3;Matches;2024-05-18
190;Luiz Henrique;br BRA;MF,FW;Botafogo (RJ);23-137;2001;3.6;63;87;72.4;884;232;41;47;87.2;19;21;90.5;1;4;25.0;1;0.2;0.1;+0.8;3;4;2;0;7;Matches;2024-05-18
191;Paulo Henrique;br BRA;DF;Vasco da Gama;27-298;1996;5.0;182;231;78.8;3337;980;77;90;85.6;81;94;86.2;20;34;58.8;0;0.1;0.2;-0.1;4;16;4;4;23;Matches;2024-05-18
192;Pedro Henrique;br BRA;FW;Corinthians;33-337;1990;0.8;17;24;70.8;228;43;11;14;78.6;4;6;66.7;1;3;33.3;0;0.4;0.2;-0.4;2;0;1;0;2;Matches;2024-05-18
193;Pedro Henrique;br BRA;DF;Red Bull Bragantino;28-229;1995;3.0;113;153;73.9;2627;1040;25;32;78.1;65;75;86.7;20;41;48.8;0;0.0;0.0;0.0;2;10;2;0;10;Matches;2024-05-18
194;Hércules;br BRA;MF;Fortaleza;23-211;2000;3.9;112;136;82.4;1863;475;58;66;87.9;42;49;85.7;10;13;76.9;0;0.0;0.1;0.0;0;15;0;0;17;Matches;2024-05-18
195;Marcelo Hermes;br BRA;DF,MF;Criciúma;29-107;1995;3.0;77;110;70.0;1201;566;39;45;86.7;33;43;76.7;4;11;36.4;1;0.1;0.1;+0.9;2;3;1;0;9;Matches;2024-05-18
196;Diego Hernández;uy URU;FW,MF;Botafogo (RJ);23-331;2000;1.3;38;47;80.9;651;190;19;20;95.0;14;16;87.5;4;9;44.4;1;0.1;0.1;+0.9;1;3;0;0;6;Matches;2024-05-18
197;Lucca Holanda;br BRA;FW,DF;Internacional;21-046;2003;1.4;12;19;63.2;143;34;7;10;70.0;2;3;66.7;1;2;50.0;0;0.2;0.2;-0.2;1;3;0;0;1;Matches;2024-05-18
198;Hugo;br BRA;DF,MF;Corinthians;26-263;1997;5.6;227;286;79.4;3376;1576;122;139;87.8;97;123;78.9;5;12;41.7;1;0.7;0.1;+0.3;4;19;1;0;28;Matches;2024-05-18
199;Hugo;br BRA;DF;Botafogo (RJ);22-241;2001;4.0;146;182;80.2;2353;778;65;73;89.0;66;80;82.5;8;14;57.1;1;0.8;0.9;+0.2;4;4;5;2;13;Matches;2024-05-18
200;Vitor Hugo Amorim;br BRA;MF;Cruzeiro;20-090;2004;0.3;6;7;85.7;89;33;3;3;100.0;3;3;100.0;0;1;0.0;0;0.0;0.0;0.0;0;1;0;0;1;Matches;2024-05-18
201;José Hugo;br BRA;DF;Vitória;24-214;1999;0.3;12;16;75.0;170;51;7;8;87.5;3;3;100.0;1;2;50.0;0;0.4;0.5;-0.4;2;0;0;0;1;Matches;2024-05-18
202;Victor Hugo;br BRA;FW;Flamengo;20-007;2004;0.2;14;18;77.8;283;61;4;5;80.0;8;9;88.9;2;2;100.0;0;0.0;0.0;0.0;0;0;0;0;1;Matches;2024-05-18
203;Hulk;br BRA;FW;Atlético Mineiro;37-298;1986;3.7;85;112;75.9;1378;208;37;44;84.1;37;38;97.4;5;12;41.7;2;0.6;0.4;+1.4;7;5;4;0;9;Matches;2024-05-18
204;José Hurtado;ec ECU;DF;Red Bull Bragantino;22-147;2001;3.0;55;90;61.1;875;405;27;41;65.9;23;37;62.2;3;6;50.0;0;0.0;0.1;0.0;2;6;2;0;8;Matches;2024-05-18
205;Igor;br BRA;MF;Flamengo;21-072;2003;0.5;13;16;81.3;185;75;9;10;90.0;2;2;100.0;1;1;100.0;0;0.2;0.1;-0.2;1;0;1;0;1;Matches;2024-05-18
206;Gabriel Inocêncio;br BRA;DF;Juventude;29-272;1994;3.0;123;151;81.5;1751;578;72;80;90.0;38;46;82.6;7;14;50.0;0;0.1;0.1;-0.1;1;11;2;2;8;Matches;2024-05-18
207;Isaac;br BRA;DF;Fluminense;20-024;2004;0.1;7;8;87.5;67;13;7;7;100.0;0;1;0.0;0;0;;0;0.0;0.0;0.0;0;0;0;0;0;Matches;2024-05-18
208;Zé Ivaldo;br BRA;DF,MF;Cruzeiro;27-087;1997;3.5;138;166;83.1;3078;1341;40;46;87.0;73;78;93.6;25;38;65.8;0;0.2;0.3;-0.2;1;20;2;1;11;Matches;2024-05-18
209;Jadsom;br BRA;MF;Red Bull Bragantino;22-364;2001;4.1;112;147;76.2;2008;650;47;58;81.0;53;64;82.8;9;17;52.9;0;0.2;0.3;-0.2;2;12;3;0;18;Matches;2024-05-18
210;Jadson;br BRA;MF;Juventude;30-262;1993;3.0;119;142;83.8;2130;669;49;56;87.5;56;61;91.8;11;17;64.7;2;0.7;0.3;+1.3;9;17;0;0;17;Matches;2024-05-18
211;Janderson;br BRA;FW,DF;Vitória;25-012;1999;1.9;40;61;65.6;629;138;22;26;84.6;14;21;66.7;3;7;42.9;0;0.1;0.1;-0.1;2;1;2;1;3;Matches;2024-05-18
212;Léo Jardim;br BRA;GK;Vasco da Gama;29-059;1995;6.0;127;152;83.6;3107;2224;25;25;100.0;69;70;98.6;29;52;55.8;0;0.0;0.0;0.0;0;1;0;0;0;Matches;2024-05-18
213;Jeffinho;br BRA;FW,MF;Botafogo (RJ);24-140;1999;3.6;71;96;74.0;991;292;41;48;85.4;16;21;76.2;5;7;71.4;1;0.4;0.4;+0.6;5;3;4;0;9;Matches;2024-05-18
214;Jemerson;br BRA;DF;Atlético Mineiro;31-268;1992;2.3;109;127;85.8;1864;747;46;50;92.0;54;60;90.0;8;13;61.5;0;0.0;0.0;0.0;0;7;0;0;7;Matches;2024-05-18
215;Caíque de Jesus Gonçalves;br BRA;MF;Juventude;28-221;1995;3.8;183;213;85.9;3393;907;75;84;89.3;81;91;89.0;24;27;88.9;0;0.1;0.1;-0.1;3;16;1;0;12;Matches;2024-05-18
216;John;br BRA;GK;Botafogo (RJ);28-095;1996;3.0;103;130;79.2;2535;1700;21;22;95.5;57;57;100.0;24;50;48.0;0;0.0;0.0;0.0;0;2;0;0;0;Matches;2024-05-18
217;Felipe Jonatan;br BRA;DF;Fortaleza;26-093;1998;1.6;65;83;78.3;1102;421;30;34;88.2;27;30;90.0;7;15;46.7;0;0.0;0.1;0.0;1;5;2;1;9;Matches;2024-05-18
218;Daniel Jr;br BRA;MF,FW;Vitória;22-009;2002;0.3;20;23;87.0;374;79;9;11;81.8;9;9;100.0;2;3;66.7;0;0.1;0.2;-0.1;2;1;0;0;0;Matches;2024-05-18
219;Luciano Juba;br BRA;DF;Bahia;24-263;1999;6.0;281;355;79.2;4754;2146;138;150;92.0;117;145;80.7;22;48;45.8;0;0.3;0.5;-0.3;8;24;8;2;28;Matches;2024-05-18
220;Julimar;br BRA;FW,MF;Ath Paranaense;23-114;2001;3.4;69;91;75.8;1008;259;38;46;82.6;22;27;81.5;5;6;83.3;1;0.4;0.2;+0.6;4;3;3;1;9;Matches;2024-05-18
221;Lucas Kal;br BRA;MF,DF;Atl Goianiense;28-063;1996;1.3;32;40;80.0;726;198;8;11;72.7;16;17;94.1;8;11;72.7;0;0.0;0.0;0.0;0;5;0;0;4;Matches;2024-05-18
222;Walter Kannemann;ar ARG;DF;Grêmio;33-065;1991;1.1;43;52;82.7;1019;290;10;10;100.0;25;32;78.1;8;8;100.0;0;0.0;0.0;0.0;0;2;0;0;2;Matches;2024-05-18
223;Kanu;br BRA;DF;Bahia;27-072;1997;4.0;172;193;89.1;3067;1177;74;79;93.7;82;90;91.1;15;20;75.0;0;0.0;0.0;0.0;0;1;0;0;5;Matches;2024-05-18
224;Alan Kardec;br BRA;FW;Atlético Mineiro;35-127;1989;0.1;1;1;100.0;8;0;1;1;100.0;0;0;;0;0;;0;0.0;0.0;0.0;0;0;0;0;0;Matches;2024-05-18
225;Renato Kayser;br BRA;FW;Criciúma;28-091;1996;0.9;10;15;66.7;150;77;5;8;62.5;3;3;100.0;1;1;100.0;0;0.1;0.0;-0.1;1;2;0;0;4;Matches;2024-05-18
226;Renato Kayser;br BRA;FW;Fortaleza;28-091;1996;2.5;24;38;63.2;307;57;15;22;68.2;8;12;66.7;0;1;0.0;0;0.1;0.1;-0.1;3;1;1;0;4;Matches;2024-05-18
227;John Kennedy;br BRA;FW;Fluminense;22-000;2002;1.3;21;27;77.8;240;34;16;19;84.2;5;5;100.0;0;1;0.0;0;0.0;0.0;0.0;0;0;0;0;3;Matches;2024-05-18
228;Keno;br BRA;FW;Fluminense;34-251;1989;0.9;17;25;68.0;234;70;11;14;78.6;6;9;66.7;0;1;0.0;0;0.0;0.0;0.0;1;0;1;0;3;Matches;2024-05-18
229;Kleiton;br BRA;FW;Juventude;25-025;1999;0.3;6;6;100.0;107;29;3;3;100.0;2;2;100.0;1;1;100.0;0;0.0;0.0;0.0;0;3;0;0;1;Matches;2024-05-18
230;Gabriel Knesowitsch;br BRA;DF;Cuiabá;20-213;2003;1.8;72;85;84.7;1399;529;18;22;81.8;42;48;87.5;10;12;83.3;0;0.0;0.0;0.0;0;0;1;0;3;Matches;2024-05-18
231;Benjamín Kuscevic;cl CHI;DF;Fortaleza;28-016;1996;2.0;55;68;80.9;1155;498;15;18;83.3;30;32;93.8;9;15;60.0;0;0.0;0.0;0.0;0;3;1;0;1;Matches;2024-05-18
232;Derik Lacerda;br BRA;MF,FW;Cuiabá;24-234;1999;2.7;35;42;83.3;500;56;18;22;81.8;13;14;92.9;2;3;66.7;0;0.0;0.1;0.0;0;1;0;0;3;Matches;2024-05-18
233;Ignacio Laquintana;uy URU;FW,MF;Red Bull Bragantino;25-107;1999;1.8;25;39;64.1;392;130;9;12;75.0;16;21;76.2;0;0;;0;0.0;0.0;0.0;1;0;1;0;5;Matches;2024-05-18
234;Lázaro;br BRA;FW,MF;Palmeiras;22-067;2002;2.6;82;107;76.6;1430;461;45;52;86.5;25;31;80.6;11;18;61.1;0;0.3;0.4;-0.3;5;11;6;2;20;Matches;2024-05-18
235;Mauricio Lemos;uy URU;DF;Atlético Mineiro;28-142;1995;2.7;156;180;86.7;3022;1038;55;63;87.3;83;89;93.3;18;26;69.2;0;0.1;0.0;-0.1;1;16;0;0;9;Matches;2024-05-18
236;Willean Lepo;br BRA;DF;Vitória;27-123;1997;0.8;31;37;83.8;472;200;17;18;94.4;13;14;92.9;1;3;33.3;0;0.1;0.0;-0.1;2;1;0;0;5;Matches;2024-05-18
237;Lima;br BRA;MF;Fluminense;27-342;1996;4.6;226;258;87.6;3000;724;141;153;92.2;71;79;89.9;5;9;55.6;0;0.1;0.1;-0.1;3;12;0;0;11;Matches;2024-05-18
238;Lincoln;br BRA;MF;Red Bull Bragantino;25-193;1998;0.9;31;45;68.9;508;216;15;16;93.8;10;16;62.5;5;10;50.0;0;0.0;0.1;0.0;0;7;3;1;9;Matches;2024-05-18
239;José López;ar ARG;FW,DF;Palmeiras;23-164;2000;2.7;32;52;61.5;508;73;16;25;64.0;13;19;68.4;2;3;66.7;0;0.2;0.1;-0.2;4;2;2;1;6;Matches;2024-05-18
240;Lorran;br BRA;MF,FW;Flamengo;17-319;2006;1.4;41;67;61.2;508;139;31;38;81.6;9;16;56.3;0;2;0.0;1;0.4;0.1;+0.6;2;2;4;0;6;Matches;2024-05-18
241;Vágner Love;br BRA;MF;Atl Goianiense;39-342;1984;0.4;7;9;77.8;128;29;3;3;100.0;3;5;60.0;1;1;100.0;0;0.0;0.0;0.0;0;0;0;0;1;Matches;2024-05-18
242;Lucão;br BRA;GK;Red Bull Bragantino;23-082;2001;1.5;24;44;54.5;668;485;8;8;100.0;9;9;100.0;7;27;25.9;0;0.0;0.0;0.0;0;0;0;0;0;Matches;2024-05-18
243;Ayrton Lucas;br BRA;DF;Flamengo;26-334;1997;5.7;210;257;81.7;3605;875;99;114;86.8;91;104;87.5;18;26;69.2;0;0.3;0.7;-0.3;6;17;2;2;18;Matches;2024-05-18
244;Jean Lucas;br BRA;MF;Bahia;25-331;1998;6.0;203;243;83.5;2979;754;115;126;91.3;68;83;81.9;11;14;78.6;2;0.6;0.4;+1.4;4;20;7;2;26;Matches;2024-05-18
245;João Lucas;br BRA;DF;Juventude;26-070;1998;4.0;159;213;74.6;2936;1243;66;81;81.5;73;89;82.0;17;29;58.6;0;0.1;0.2;-0.1;7;18;7;5;21;Matches;2024-05-18
246;Luciano;br BRA;MF,FW;São Paulo;31-000;1993;5.7;158;195;81.0;2285;348;89;105;84.8;57;62;91.9;5;9;55.6;0;0.8;0.9;-0.8;6;10;3;0;11;Matches;2024-05-18
247;André Luis;br BRA;MF,FW;Cuiabá;27-027;1997;1.0;23;25;92.0;319;46;16;17;94.1;6;6;100.0;1;1;100.0;0;0.0;0.0;0.0;0;1;0;0;1;Matches;2024-05-18
248;Machado;br BRA;MF;Cruzeiro;28-119;1996;0.5;21;23;91.3;356;56;8;8;100.0;12;13;92.3;1;2;50.0;0;0.0;0.0;0.0;0;1;0;0;0;Matches;2024-05-18
249;Imanol Machuca;ar ARG;MF,FW;Fortaleza;24-124;2000;1.6;32;57;56.1;509;194;22;28;78.6;5;8;62.5;5;14;35.7;0;0.4;0.8;-0.4;4;4;3;1;5;Matches;2024-05-18
250;Guilherme Madruga;br BRA;MF;Cuiabá;23-189;2000;0.3;10;13;76.9;107;22;8;8;100.0;2;3;66.7;0;2;0.0;0;0.0;0.0;0.0;0;0;0;0;0;Matches;2024-05-18
251;Mádson;br BRA;DF;Ath Paranaense;32-126;1992;1.5;46;57;80.7;900;296;16;21;76.2;22;24;91.7;8;11;72.7;0;0.2;0.2;-0.2;3;1;2;1;4;Matches;2024-05-18
252;Maguinho;br BRA;DF,FW;Atl Goianiense;31-133;1993;2.0;25;39;64.1;387;118;14;18;77.8;8;15;53.3;2;5;40.0;1;0.1;0.1;+0.9;3;1;1;1;2;Matches;2024-05-18
253;Pablo Maia;br BRA;MF;São Paulo;22-129;2002;2.9;182;200;91.0;3279;651;73;76;96.1;86;89;96.6;19;22;86.4;0;0.2;0.2;-0.2;3;17;1;0;18;Matches;2024-05-18
254;Thiago Maia;br BRA;MF;Internacional;27-056;1997;2.7;151;169;89.3;2524;770;71;75;94.7;66;72;91.7;10;15;66.7;0;0.2;0.6;-0.2;1;8;4;0;14;Matches;2024-05-18
255;Walisson Maia;br BRA;DF;Criciúma;32-271;1991;2.2;63;82;76.8;1282;536;18;20;90.0;37;41;90.2;8;21;38.1;1;0.6;0.0;+0.4;1;2;0;0;1;Matches;2024-05-18
256;Maicon;br BRA;DF;Vasco da Gama;35-247;1988;4.0;170;204;83.3;3881;1771;51;55;92.7;76;81;93.8;41;61;67.2;0;0.0;0.1;0.0;1;14;2;0;15;Matches;2024-05-18
257;Hugo Mallo;es ESP;DF;Internacional;32-331;1991;0.8;35;42;83.3;653;273;11;12;91.7;22;24;91.7;2;6;33.3;0;0.0;0.0;0.0;0;3;0;0;2;Matches;2024-05-18
258;Léo Mana;br BRA;DF;Corinthians;20-042;2004;0.1;9;13;69.2;121;11;7;8;87.5;2;4;50.0;0;1;0.0;0;0.0;0.0;0.0;0;0;0;0;1;Matches;2024-05-18
259;Luis Mandaca;br BRA;MF,FW;Juventude;22-229;2001;1.1;29;39;74.4;450;126;12;17;70.6;14;14;100.0;1;3;33.3;0;0.0;0.0;0.0;0;1;0;0;2;Matches;2024-05-18
260;Manoel;br BRA;DF;Fluminense;34-082;1990;4.2;194;225;86.2;3268;1287;89;95;93.7;86;97;88.7;14;25;56.0;0;0.0;0.0;0.0;0;3;0;0;8;Matches;2024-05-18
261;Fernando Marçal;br BRA;DF;Botafogo (RJ);35-089;1989;0.5;23;31;74.2;379;222;12;15;80.0;7;7;100.0;2;6;33.3;0;0.0;0.0;0.0;0;0;0;0;1;Matches;2024-05-18
262;Marcelinho;br BRA;MF,FW;Juventude;21-159;2002;1.7;36;45;80.0;703;177;13;14;92.9;15;18;83.3;7;11;63.6;1;0.0;0.1;+1.0;2;2;1;0;4;Matches;2024-05-18
263;Marcelo;br BRA;DF;Fluminense;36-006;1988;4.0;180;247;72.9;3013;1117;101;107;94.4;55;79;69.6;20;48;41.7;1;0.4;0.4;+0.6;4;14;3;3;14;Matches;2024-05-18
264;João Marcelo;br BRA;DF;Cruzeiro;23-340;2000;4.0;173;197;87.8;3321;1381;55;62;88.7;101;110;91.8;15;23;65.2;1;0.1;0.1;+0.9;1;17;0;0;18;Matches;2024-05-18
265;Agustín Marchesín;ar ARG;GK;Grêmio;36-063;1988;3.0;58;83;69.9;1790;1388;5;5;100.0;30;31;96.8;23;47;48.9;0;0.0;0.0;0.0;0;1;0;0;1;Matches;2024-05-18
266;Zé Marcos;br BRA;DF;Juventude;26-107;1998;2.9;117;150;78.0;2262;750;29;37;78.4;80;91;87.9;6;18;33.3;0;0.0;0.0;0.0;0;3;0;0;6;Matches;2024-05-18
267;Erick Marcus;br BRA;MF,FW;Vasco da Gama;20-078;2004;0.7;20;28;71.4;295;74;9;11;81.8;7;8;87.5;1;3;33.3;0;0.1;0.0;-0.1;2;5;0;0;3;Matches;2024-05-18
268;Marinho;br BRA;FW,DF;Fortaleza;33-355;1990;2.7;51;79;64.6;850;267;22;28;78.6;21;30;70.0;5;14;35.7;0;0.5;0.5;-0.5;4;2;2;1;9;Matches;2024-05-18
269;Marlon;br BRA;DF;Cruzeiro;26-364;1997;5.0;251;294;85.4;4581;1632;115;122;94.3;99;113;87.6;33;48;68.8;0;0.4;0.4;-0.4;6;25;4;2;27;Matches;2024-05-18
270;Marquinhos;br BRA;DF,FW;Fluminense;21-041;2003;6.0;215;281;76.5;3218;858;114;139;82.0;76;95;80.0;14;23;60.9;1;1.6;0.6;-0.6;10;5;5;4;11;Matches;2024-05-18
271;Juan Martín Lucero;ar ARG;FW;Fortaleza;32-170;1991;2.4;19;29;65.5;215;28;15;19;78.9;3;6;50.0;0;1;0.0;1;0.0;0.0;+1.0;2;0;0;0;0;Matches;2024-05-18
272;Martinelli;br BRA;MF,DF;Fluminense;23-008;2001;5.5;336;372;90.3;5531;1609;161;168;95.8;136;142;95.8;25;45;55.6;0;0.2;0.2;-0.2;3;27;1;0;19;Matches;2024-05-18
273;Adriano Martins;br BRA;DF;Atl Goianiense;27-047;1997;2.8;61;79;77.2;1533;820;13;18;72.2;32;35;91.4;16;26;61.5;0;0.0;0.1;0.0;1;6;1;0;3;Matches;2024-05-18
274;Gustavo Martins Santos;br BRA;DF;Grêmio;21-281;2002;2.9;164;176;93.2;3331;1041;42;44;95.5;104;107;97.2;17;23;73.9;0;0.0;0.0;0.0;0;11;0;0;11;Matches;2024-05-18
275;Gonzalo Mastriani;uy URU;FW;Ath Paranaense;31-020;1993;1.6;26;40;65.0;371;68;17;25;68.0;9;12;75.0;0;0;;0;0.0;0.3;0.0;0;1;0;0;3;Matches;2024-05-18
276;Fellipe Mateus;br BRA;MF;Criciúma;33-096;1991;2.9;79;93;84.9;1325;370;33;38;86.8;28;33;84.8;8;9;88.9;0;0.1;0.1;-0.1;4;6;0;0;8;Matches;2024-05-18
277;Matheusinho;br BRA;FW,MF;Vitória;26-213;1997;4.4;102;127;80.3;1541;441;62;68;91.2;28;36;77.8;9;15;60.0;2;1.4;0.6;+0.6;6;11;1;0;11;Matches;2024-05-18
278;Matheusinho;br BRA;FW,MF;Criciúma;26-097;1998;0.3;8;8;100.0;146;54;2;2;100.0;3;3;100.0;2;2;100.0;0;0.0;0.0;0.0;0;1;0;0;1;Matches;2024-05-18
279;Matheuzinho;br BRA;DF,FW;Corinthians;23-253;2000;2.2;88;112;78.6;1418;505;51;55;92.7;26;33;78.8;8;17;47.1;0;0.3;0.2;-0.3;5;5;4;2;6;Matches;2024-05-18
280;Mauricio;br BRA;MF;Internacional;22-362;2001;3.7;91;126;72.2;1309;254;56;66;84.8;27;34;79.4;4;13;30.8;0;0.7;0.7;-0.7;11;3;2;1;5;Matches;2024-05-18
281;Max;br BRA;MF,FW;Atl Goianiense;21-325;2002;0.5;9;12;75.0;131;35;6;7;85.7;2;3;66.7;1;2;50.0;0;0.1;0.2;-0.1;1;0;0;0;1;Matches;2024-05-18
282;Max;br BRA;MF;Cuiabá;23-006;2001;0.2;4;5;80.0;32;0;3;3;100.0;0;1;0.0;0;0;;0;0.0;0.0;0.0;0;0;0;0;0;Matches;2024-05-18
283;Maycon;br BRA;MF;Corinthians;26-308;1997;0.5;26;33;78.8;416;116;15;18;83.3;10;12;83.3;1;2;50.0;0;0.0;0.1;0.0;1;2;1;0;4;Matches;2024-05-18
284;Mayke;br BRA;DF;Palmeiras;31-190;1992;3.8;151;196;77.0;2601;1090;62;71;87.3;76;91;83.5;10;21;47.6;0;0.1;0.7;-0.1;3;5;2;1;12;Matches;2024-05-18
285;Gary Medel;cl CHI;DF;Vasco da Gama;36-289;1987;1.2;67;75;89.3;1300;426;19;19;100.0;41;43;95.3;7;13;53.8;0;0.0;0.0;0.0;0;2;0;0;1;Matches;2024-05-18
286;Felipe Melo;br BRA;DF;Fluminense;40-327;1983;2.3;93;110;84.5;1793;736;34;37;91.9;46;50;92.0;12;20;60.0;0;0.0;0.0;0.0;0;4;0;0;5;Matches;2024-05-18
287;Douglas Mendes;br BRA;DF;Red Bull Bragantino;19-340;2004;3.0;66;88;75.0;1444;611;18;20;90.0;36;39;92.3;11;25;44.0;0;0.0;0.1;0.0;0;5;1;0;6;Matches;2024-05-18
288;Nathan Mendes;br BRA;DF;Red Bull Bragantino;21-273;2002;3.0;113;149;75.8;1915;788;47;57;82.5;55;73;75.3;10;13;76.9;1;0.1;0.1;+0.9;1;7;1;0;13;Matches;2024-05-18
289;Gabriel Menino;br BRA;MF;Palmeiras;23-232;2000;3.1;143;178;80.3;2597;762;59;62;95.2;69;80;86.3;11;28;39.3;0;0.2;0.2;-0.2;5;12;0;0;17;Matches;2024-05-18
290;Gabriel Mercado;ar ARG;DF;Internacional;37-061;1987;2.5;111;121;91.7;2114;877;39;40;97.5;58;63;92.1;13;16;81.3;0;0.0;0.0;0.0;1;10;0;0;8;Matches;2024-05-18
291;Higor Meritão;br BRA;MF;Criciúma;29-330;1994;2.8;113;123;91.9;1869;644;58;65;89.2;43;45;95.6;10;10;100.0;0;0.0;0.0;0.0;0;16;0;0;9;Matches;2024-05-18
292;Carlos Miguel;br BRA;GK;Corinthians;25-222;1998;3.0;79;92;85.9;2080;1335;9;9;100.0;49;50;98.0;20;32;62.5;0;0.1;0.0;-0.1;1;1;1;0;0;Matches;2024-05-18
293;Lucas Mineiro;br BRA;MF;Cuiabá;28-084;1996;1.1;30;37;81.1;504;88;8;8;100.0;21;22;95.5;1;4;25.0;0;0.0;0.0;0.0;0;4;0;0;2;Matches;2024-05-18
294;Moises;br BRA;FW;Fortaleza;27-259;1996;1.5;38;54;70.4;756;218;17;25;68.0;14;17;82.4;7;9;77.8;0;0.2;0.1;-0.2;4;6;2;1;3;Matches;2024-05-18
295;Jacob Montes;ni NCA;FW,MF;Botafogo (RJ);25-211;1998;0.2;3;7;42.9;43;1;1;4;25.0;2;3;66.7;0;0;;0;0.0;0.0;0.0;0;0;0;0;0;Matches;2024-05-18
296;Aníbal Moreno;ar ARG;MF;Palmeiras;25-005;1999;3.9;161;187;86.1;2804;783;79;86;91.9;63;68;92.6;18;29;62.1;0;0.0;0.1;0.0;1;25;0;0;19;Matches;2024-05-18
297;Henry Mosquera;co COL;FW,MF;Red Bull Bragantino;22-185;2001;4.3;50;74;67.6;701;224;32;39;82.1;15;21;71.4;1;4;25.0;0;0.2;0.2;-0.2;5;3;8;2;10;Matches;2024-05-18
298;Gustavo Mosquito;br BRA;FW;Corinthians;26-254;1997;1.8;37;46;80.4;464;119;23;25;92.0;8;10;80.0;1;2;50.0;1;0.1;0.0;+0.9;3;5;0;0;5;Matches;2024-05-18
299;Jean Mota;br BRA;MF;Vitória;30-216;1993;0.9;57;74;77.0;908;195;31;32;96.9;21;25;84.0;3;13;23.1;0;0.2;0.3;-0.2;2;2;2;1;5;Matches;2024-05-18
300;Hugo Moura;br BRA;MF;Vasco da Gama;26-136;1998;1.4;67;82;81.7;1349;354;22;25;88.0;31;36;86.1;13;16;81.3;1;0.3;0.4;+0.7;3;10;2;0;7;Matches;2024-05-18
301;Léo Naldi;br BRA;MF;Vitória;22-274;2001;0.8;38;44;86.4;631;180;12;14;85.7;23;24;95.8;1;2;50.0;0;0.0;0.0;0.0;0;7;0;0;5;Matches;2024-05-18
302;Matheus Nascimento;br BRA;FW;Botafogo (RJ);20-076;2004;0.3;2;2;100.0;15;0;2;2;100.0;0;0;;0;0;;0;0.0;0.0;0.0;0;0;0;0;0;Matches;2024-05-18
303;Nata;br BRA;MF,DF;Grêmio;22-348;2001;0.1;7;8;87.5;137;48;2;3;66.7;4;4;100.0;1;1;100.0;0;0.0;0.0;0.0;0;0;0;0;0;Matches;2024-05-18
304;Kaiky Naves;br BRA;FW;Palmeiras;22-010;2002;0.0;2;2;100.0;31;9;1;1;100.0;1;1;100.0;0;0;;0;0.0;0.0;0.0;0;0;0;0;1;Matches;2024-05-18
305;Nenê;br BRA;MF,FW;Juventude;42-304;1981;3.0;76;121;62.8;1458;405;29;36;80.6;37;50;74.0;10;26;38.5;0;0.2;0.2;-0.2;6;11;1;0;13;Matches;2024-05-18
306;Neris;br BRA;DF;Cruzeiro;31-336;1992;2.6;101;115;87.8;2225;938;25;28;89.3;60;65;92.3;16;20;80.0;0;0.0;0.0;0.0;0;5;0;0;4;Matches;2024-05-18
307;Rodrigo Nestor;br BRA;MF,FW;São Paulo;23-283;2000;1.8;88;114;77.2;1375;216;50;56;89.3;30;37;81.1;6;14;42.9;1;0.3;0.1;+0.7;2;12;2;1;11;Matches;2024-05-18
308;José Vitor Silva Neves;br BRA;FW,MF;Ath Paranaense;24-016;2000;1.0;43;54;79.6;687;164;25;27;92.6;15;22;68.2;3;3;100.0;0;0.0;0.1;0.0;0;7;1;0;5;Matches;2024-05-18
309;Newton;br BRA;MF;Criciúma;24-067;2000;0.2;5;7;71.4;64;13;4;4;100.0;1;1;100.0;0;1;0.0;0;0.0;0.0;0.0;0;0;0;0;0;Matches;2024-05-18
310;Nikão;br BRA;FW,MF;Ath Paranaense;31-294;1992;1.3;48;54;88.9;736;170;25;26;96.2;19;21;90.5;3;5;60.0;0;0.0;0.2;0.0;0;2;4;0;5;Matches;2024-05-18
311;Gustavo Nunes;br BRA;FW;Grêmio;18-180;2005;2.3;64;89;71.9;984;215;30;42;71.4;29;34;85.3;2;3;66.7;0;0.1;0.1;-0.1;2;6;1;0;6;Matches;2024-05-18
312;Cauly Oliveira Souza;br BRA;MF,FW;Bahia;28-246;1995;5.1;181;231;78.4;2762;712;96;107;89.7;65;85;76.5;11;21;52.4;2;1.2;1.2;+0.8;13;23;4;1;25;Matches;2024-05-18
313;Leo Ortiz;br BRA;DF;Flamengo;28-136;1996;1.0;44;53;83.0;927;452;9;10;90.0;29;31;93.5;5;8;62.5;0;0.0;0.0;0.0;1;5;0;0;7;Matches;2024-05-18
314;Osvaldo;br BRA;MF,FW;Vitória;37-037;1987;2.7;38;61;62.3;565;114;16;23;69.6;18;27;66.7;1;4;25.0;0;0.1;0.0;-0.1;1;1;1;1;3;Matches;2024-05-18
315;Otávio;br BRA;MF;Atlético Mineiro;30-014;1994;5.0;290;320;90.6;5203;1374;111;119;93.3;141;147;95.9;28;34;82.4;0;0.1;0.3;-0.1;2;33;2;1;31;Matches;2024-05-18
316;Pablo;br BRA;FW,MF;Ath Paranaense;31-330;1992;4.2;102;130;78.5;1772;275;49;61;80.3;38;45;84.4;13;16;81.3;0;0.5;0.2;-0.5;3;6;1;0;15;Matches;2024-05-18
317;Pablo;br BRA;DF;Botafogo (RJ);32-332;1991;0.3;16;18;88.9;322;115;4;5;80.0;10;10;100.0;2;3;66.7;0;0.0;0.0;0.0;0;1;0;0;0;Matches;2024-05-18
318;Bruno Pacheco;br BRA;DF;Fortaleza;32-162;1991;3.4;77;120;64.2;1292;614;37;46;80.4;30;45;66.7;8;18;44.4;0;0.0;0.1;0.0;2;10;2;0;7;Matches;2024-05-18
319;Patryck;br BRA;DF;São Paulo;21-121;2003;1.0;41;49;83.7;801;298;15;17;88.2;21;24;87.5;5;8;62.5;0;0.0;0.0;0.0;0;3;1;0;4;Matches;2024-05-18
320;Patrick de Paula;br BRA;MF;Botafogo (RJ);24-253;1999;0.1;2;3;66.7;34;20;1;1;100.0;1;1;100.0;0;0;;0;0.0;0.0;0.0;0;1;0;0;1;Matches;2024-05-18
321;Paulinho;br BRA;FW;Atlético Mineiro;23-308;2000;4.5;125;147;85.0;1736;380;70;77;90.9;40;45;88.9;6;6;100.0;1;0.4;0.3;+0.6;6;11;4;1;11;Matches;2024-05-18
322;Paulinho;br BRA;MF;Corinthians;35-298;1988;1.3;53;60;88.3;707;178;31;33;93.9;19;21;90.5;1;2;50.0;0;0.0;0.0;0.0;0;6;0;0;6;Matches;2024-05-18
323;Cristian Pavón;ar ARG;FW;Grêmio;28-118;1996;1.2;39;52;75.0;687;225;17;20;85.0;20;26;76.9;2;4;50.0;1;0.6;0.5;+0.4;3;7;2;0;4;Matches;2024-05-18
324;Dimitri Payet;fr FRA;MF;Vasco da Gama;37-050;1987;1.2;74;87;85.1;1191;348;43;47;91.5;23;27;85.2;7;9;77.8;2;0.8;0.5;+1.2;4;9;2;1;13;Matches;2024-05-18
325;Pedrão;br BRA;DF;Atl Goianiense;31-152;1992;1.2;34;47;72.3;652;154;10;13;76.9;21;25;84.0;2;8;25.0;0;0.0;0.0;0.0;0;0;0;0;0;Matches;2024-05-18
326;Pedrinho;br BRA;MF;Atlético Mineiro;26-035;1998;0.3;17;20;85.0;327;46;9;9;100.0;6;8;75.0;2;2;100.0;0;0.0;0.2;0.0;0;1;2;0;4;Matches;2024-05-18
327;Pedro;br BRA;FW;Flamengo;26-333;1997;5.0;54;74;73.0;673;179;29;40;72.5;11;15;73.3;3;4;75.0;0;0.5;0.2;-0.5;5;6;2;0;9;Matches;2024-05-18
328;João Pedro;br BRA;FW;Cruzeiro;21-106;2003;0.1;1;3;33.3;6;0;1;1;100.0;0;1;0.0;0;1;0.0;0;0.0;0.0;0.0;0;0;0;0;0;Matches;2024-05-18
329;João Pedro;br BRA;MF;Vasco da Gama;19-029;2005;0.2;8;10;80.0;140;41;3;4;75.0;4;4;100.0;1;1;100.0;0;0.0;0.0;0.0;0;1;1;0;2;Matches;2024-05-18
330;João Pedro;it ITA;FW;Grêmio;32-070;1992;2.3;27;34;79.4;405;96;14;17;82.4;10;12;83.3;1;1;100.0;0;0.0;0.0;0.0;1;1;0;0;5;Matches;2024-05-18
331;João Pedro;br BRA;DF;Grêmio;27-185;1996;3.0;127;158;80.4;2005;663;61;69;88.4;58;66;87.9;6;16;37.5;0;0.1;0.1;-0.1;1;9;1;0;12;Matches;2024-05-18
332;Léo Pelé;br BRA;DF;Vasco da Gama;28-073;1996;6.0;299;338;88.5;5553;2484;124;128;96.9;136;150;90.7;34;51;66.7;0;0.1;0.4;-0.1;2;31;2;1;30;Matches;2024-05-18
333;Carlos de Pena;uy URU;MF,FW;Bahia;32-068;1992;0.8;42;63;66.7;804;329;18;22;81.8;14;23;60.9;7;13;53.8;1;1.0;0.4;0.0;3;4;0;0;5;Matches;2024-05-18
334;Léo Pereira;br BRA;DF;Flamengo;28-108;1996;5.8;265;340;77.9;5096;1854;108;117;92.3;120;138;87.0;34;76;44.7;0;0.6;0.6;-0.6;4;30;1;0;22;Matches;2024-05-18
335;Matheus Pereira;pt POR;FW;Cruzeiro;28-013;1996;4.9;184;239;77.0;2781;955;111;125;88.8;47;61;77.0;16;34;47.1;0;0.5;1.0;-0.5;8;27;7;0;27;Matches;2024-05-18
336;Yago Pikachu;br BRA;DF,FW;Fortaleza;31-348;1992;2.6;49;68;72.1;917;331;20;25;80.0;23;29;79.3;6;9;66.7;0;0.1;0.1;-0.1;3;8;1;0;11;Matches;2024-05-18
337;Joaquín Piquerez;uy URU;DF;Palmeiras;25-268;1998;4.8;223;270;82.6;4100;1360;95;100;95.0;106;120;88.3;20;39;51.3;0;0.5;0.4;-0.5;5;22;5;2;31;Matches;2024-05-18
338;Rafael Pires;br BRA;GK;São Paulo;34-330;1989;6.0;120;149;80.5;3328;2238;17;17;100.0;62;63;98.4;40;67;59.7;0;0.0;0.0;0.0;0;0;0;0;0;Matches;2024-05-18
339;Lucas Piton;br BRA;DF;Vasco da Gama;23-222;2000;6.0;284;361;78.7;4898;1581;129;145;89.0;110;130;84.6;35;55;63.6;0;0.5;1.0;-0.5;12;12;13;12;17;Matches;2024-05-18
340;Isidro Pitta;py PAR;FW;Cuiabá;24-278;1999;2.3;33;46;71.7;458;91;22;30;73.3;9;10;90.0;1;1;100.0;0;0.6;0.1;-0.6;2;3;2;0;5;Matches;2024-05-18
341;Tomas Pochettino;ar ARG;MF;Fortaleza;28-107;1996;3.6;82;118;69.5;1651;723;32;36;88.9;31;43;72.1;16;30;53.3;1;1.2;0.5;-0.2;12;13;4;2;14;Matches;2024-05-18
342;Mateo Ponte;uy URU;DF;Botafogo (RJ);20-360;2003;3.3;103;128;80.5;1715;678;45;54;83.3;50;55;90.9;8;13;61.5;0;0.1;0.2;-0.1;1;9;3;2;9;Matches;2024-05-18
343;Werik Popó;br BRA;FW;Juventude;22-214;2001;0.2;3;5;60.0;28;3;1;2;50.0;1;2;50.0;0;0;;0;0.2;0.1;-0.2;1;0;0;0;0;Matches;2024-05-18
344;Gustavo Prado;br BRA;FW,MF;Internacional;18-347;2005;1.2;40;50;80.0;703;119;15;15;100.0;22;25;88.0;3;7;42.9;0;0.4;0.3;-0.4;2;2;2;1;2;Matches;2024-05-18
345;Bruno Praxedes;br BRA;MF;Vasco da Gama;22-100;2002;0.3;13;15;86.7;188;68;10;11;90.9;2;2;100.0;1;1;100.0;0;0.3;0.2;-0.3;3;0;1;0;2;Matches;2024-05-18
346;Erick Pulgar;cl CHI;MF;Flamengo;30-124;1994;3.5;136;159;85.5;2070;465;71;81;87.7;51;56;91.1;6;10;60.0;0;0.0;0.1;0.0;0;16;1;0;12;Matches;2024-05-18
347;Du Queiroz;br BRA;MF;Grêmio;24-120;2000;2.5;152;170;89.4;2408;609;72;79;91.1;66;66;100.0;8;16;50.0;0;0.0;0.1;0.0;1;18;1;0;21;Matches;2024-05-18
348;Igor Rabello;br BRA;DF;Atlético Mineiro;29-020;1995;2.1;121;131;92.4;2348;698;38;43;88.4;69;71;97.2;13;16;81.3;0;0.0;0.1;0.0;1;3;1;0;4;Matches;2024-05-18
349;Zé Rafael;br BRA;MF;Palmeiras;30-337;1993;1.0;35;42;83.3;548;103;19;23;82.6;10;10;100.0;4;5;80.0;0;0.1;0.0;-0.1;2;3;1;0;3;Matches;2024-05-18
350;Railan;br BRA;DF;Cuiabá;24-069;2000;1.0;27;29;93.1;442;164;16;16;100.0;10;12;83.3;1;1;100.0;0;0.0;0.0;0.0;0;2;1;1;2;Matches;2024-05-18
351;Eric Ramires;br BRA;MF,FW;Red Bull Bragantino;23-282;2000;3.5;78;95;82.1;1159;312;42;46;91.3;26;32;81.3;6;8;75.0;1;0.1;0.0;+0.9;3;11;1;0;10;Matches;2024-05-18
352;Ramon;br BRA;DF;Cuiabá;23-066;2001;0.8;18;26;69.2;253;74;10;10;100.0;6;8;75.0;1;2;50.0;0;0.0;0.0;0.0;0;0;0;0;1;Matches;2024-05-18
353;Raniele;br BRA;MF,DF;Corinthians;27-139;1996;4.4;125;171;73.1;2211;581;49;63;77.8;69;83;83.1;6;13;46.2;0;0.0;0.0;0.0;1;5;0;0;7;Matches;2024-05-18
354;Rafael Ratão;br BRA;FW;Bahia;28-170;1995;0.4;13;17;76.5;132;15;8;9;88.9;3;5;60.0;0;0;;0;0.0;0.0;0.0;0;0;0;0;1;Matches;2024-05-18
355;Raul;br BRA;MF;Red Bull Bragantino;27-312;1996;1.4;43;48;89.6;939;400;17;18;94.4;16;18;88.9;10;12;83.3;0;0.1;0.0;-0.1;2;9;0;0;6;Matches;2024-05-18
356;Pedro Raul;br BRA;FW;Corinthians;27-195;1996;1.7;19;37;51.4;222;49;10;19;52.6;4;8;50.0;1;2;50.0;0;0.0;0.2;0.0;1;3;0;0;3;Matches;2024-05-18
357;Robert Renan;br BRA;DF;Internacional;20-220;2003;1.1;61;71;85.9;1335;402;12;15;80.0;35;36;97.2;13;18;72.2;0;0.0;0.0;0.0;0;5;0;0;7;Matches;2024-05-18
358;Renê;br BRA;DF;Internacional;31-247;1992;4.0;224;294;76.2;4435;1549;71;75;94.7;115;142;81.0;31;63;49.2;0;0.1;0.4;-0.1;4;36;9;0;43;Matches;2024-05-18
359;Rezende;br BRA;MF,DF;Bahia;29-137;1995;2.2;79;84;94.0;1355;459;32;35;91.4;44;44;100.0;2;2;100.0;0;0.0;0.0;0.0;0;1;0;0;6;Matches;2024-05-18
360;Rhaldney;br BRA;MF;Atl Goianiense;25-180;1998;2.7;88;103;85.4;1657;506;32;39;82.1;40;45;88.9;11;13;84.6;0;0.1;0.0;-0.1;1;6;0;0;8;Matches;2024-05-18
361;Everton Ribeiro;br BRA;MF,FW;Bahia;35-038;1989;4.6;214;256;83.6;3154;1112;122;137;89.1;68;79;86.1;13;19;68.4;1;0.5;0.7;+0.5;10;34;15;1;46;Matches;2024-05-18
362;Wesley Ribeiro;br BRA;FW;Corinthians;19-074;2005;4.7;81;109;74.3;1423;471;42;51;82.4;30;35;85.7;8;13;61.5;0;1.4;1.2;-1.4;9;8;11;5;16;Matches;2024-05-18
363;João Ricardo Riedi;br BRA;GK;Fortaleza;35-255;1988;5.0;77;124;62.1;2348;1768;12;12;100.0;33;33;100.0;32;78;41.0;0;0.0;0.0;0.0;0;0;0;0;0;Matches;2024-05-18
364;Rikelme;br BRA;DF;Cuiabá;20-307;2003;3.3;71;106;67.0;1199;511;37;46;80.4;28;38;73.7;4;15;26.7;0;0.0;0.0;0.0;1;3;1;1;4;Matches;2024-05-18
365;Rildo;br BRA;MF,FW;Juventude;24-118;2000;0.4;7;11;63.6;106;19;5;6;83.3;1;1;100.0;1;1;100.0;0;0.0;0.0;0.0;0;0;1;0;1;Matches;2024-05-18
366;Richard Ríos;co COL;MF;Palmeiras;23-351;2000;3.9;93;116;80.2;1585;411;37;43;86.0;42;49;85.7;10;14;71.4;0;0.2;0.3;-0.2;1;10;3;1;10;Matches;2024-05-18
367;Robert;br BRA;DF;Cruzeiro;19-035;2005;0.1;3;4;75.0;39;11;2;2;100.0;1;1;100.0;0;0;;1;0.1;0.0;+0.9;1;0;0;0;0;Matches;2024-05-18
368;Kaique Rocha;br BRA;DF;Ath Paranaense;23-080;2001;6.0;238;277;85.9;4430;1758;93;102;91.2;124;135;91.9;18;31;58.1;0;0.6;0.1;-0.6;4;14;0;0;16;Matches;2024-05-18
369;Marcos Rocha;br BRA;DF;Palmeiras;35-159;1988;2.2;121;161;75.2;2375;985;45;47;95.7;57;69;82.6;18;35;51.4;0;0.0;0.1;0.0;1;8;2;1;13;Matches;2024-05-18
370;Sergio Rochet;uy URU;GK;Internacional;31-056;1993;4.0;74;109;67.9;1955;1483;16;16;100.0;38;38;100.0;20;54;37.0;0;0.0;0.0;0.0;0;0;0;0;0;Matches;2024-05-18
371;Rodrigo;br BRA;MF;São Paulo;20-063;2004;0.6;20;24;83.3;332;68;9;9;100.0;8;9;88.9;2;3;66.7;0;0.0;0.1;0.0;1;1;1;1;1;Matches;2024-05-18
372;Emiliano Rodríguez;uy URU;FW;Atl Goianiense;20-307;2003;3.1;36;56;64.3;489;119;19;24;79.2;16;23;69.6;0;2;0.0;0;0.1;0.1;-0.1;2;4;1;1;2;Matches;2024-05-18
373;James Rodríguez;co COL;MF;São Paulo;32-311;1991;0.4;34;45;75.6;626;203;21;22;95.5;8;8;100.0;5;11;45.5;0;0.0;0.1;0.0;0;8;0;0;6;Matches;2024-05-18
374;Robert Rojas;py PAR;DF;Vasco da Gama;28-018;1996;0.0;7;7;100.0;146;79;1;1;100.0;5;5;100.0;1;1;100.0;0;0.0;0.0;0.0;0;0;0;0;0;Matches;2024-05-18
375;Guilherme Romão;br BRA;DF;Atl Goianiense;26-224;1997;5.0;152;227;67.0;2721;1252;70;81;86.4;59;87;67.8;20;46;43.5;0;0.0;0.1;0.0;0;22;1;0;26;Matches;2024-05-18
376;Ángel Romero;py PAR;FW;Corinthians;31-319;1992;4.5;85;117;72.6;1355;389;42;49;85.7;30;33;90.9;9;16;56.3;0;0.2;0.4;-0.2;3;14;4;2;16;Matches;2024-05-18
377;Lucas Romero;ar ARG;MF;Cruzeiro;30-030;1994;3.9;215;245;87.8;4033;1160;74;81;91.4;114;122;93.4;24;33;72.7;0;0.1;0.2;-0.1;5;25;4;0;29;Matches;2024-05-18
378;Óscar Romero;py PAR;FW,MF;Botafogo (RJ);31-319;1992;1.5;44;67;65.7;901;231;17;22;77.3;18;24;75.0;9;14;64.3;1;0.2;0.2;+0.8;2;7;3;0;6;Matches;2024-05-18
379;Rômulo;br BRA;DF;Atlético Mineiro;20-108;2004;0.5;18;20;90.0;291;47;8;8;100.0;9;10;90.0;0;1;0.0;0;0.0;0.0;0.0;0;2;0;0;0;Matches;2024-05-18
380;Romulo;br BRA;MF;Internacional;24-078;2000;0.9;25;29;86.2;363;125;14;14;100.0;9;12;75.0;1;2;50.0;0;0.0;0.0;0.0;0;4;0;0;3;Matches;2024-05-18
381;Romulo;br BRA;MF;Palmeiras;22-224;2001;0.6;23;35;65.7;354;94;12;18;66.7;10;10;100.0;1;4;25.0;0;0.3;0.2;-0.3;3;2;0;0;4;Matches;2024-05-18
382;Ronald;br BRA;MF;Grêmio;21-097;2003;0.1;1;1;100.0;17;0;0;0;;1;1;100.0;0;0;;0;0.0;0.0;0.0;0;0;0;0;0;Matches;2024-05-18
383;Ronaldo;br BRA;GK;Atl Goianiense;27-270;1996;5.0;98;142;69.0;3455;2789;12;12;100.0;35;36;97.2;48;91;52.7;1;0.2;0.0;+0.8;1;1;0;0;0;Matches;2024-05-18
384;Budiga Roni;br BRA;MF;Atl Goianiense;25-033;1999;1.5;49;60;81.7;923;210;20;21;95.2;22;26;84.6;5;8;62.5;0;0.0;0.0;0.0;0;3;0;0;3;Matches;2024-05-18
385;Rony;br BRA;FW;Palmeiras;29-007;1995;3.5;27;41;65.9;369;81;16;22;72.7;9;11;81.8;1;4;25.0;0;0.2;0.3;-0.2;2;2;1;1;2;Matches;2024-05-18
386;Matheus Rossetto;br BRA;MF;Fortaleza;27-350;1996;1.0;44;52;84.6;741;234;19;21;90.5;19;22;86.4;4;6;66.7;0;0.0;0.0;0.0;1;7;0;0;3;Matches;2024-05-18
387;Rossi;br BRA;FW;Vasco da Gama;31-026;1993;2.4;45;77;58.4;782;210;19;27;70.4;17;26;65.4;7;13;53.8;1;0.5;0.5;+0.5;7;4;5;4;3;Matches;2024-05-18
388;Agustín Rossi;ar ARG;GK;Flamengo;28-271;1995;6.0;182;245;74.3;4967;3408;37;37;100.0;73;74;98.6;72;133;54.1;0;0.0;0.0;0.0;1;4;0;0;0;Matches;2024-05-18
389;Ruan;br BRA;MF,FW;Juventude;19-015;2005;0.5;8;9;88.9;98;31;3;3;100.0;4;4;100.0;0;1;0.0;0;0.0;0.0;0.0;0;0;0;0;0;Matches;2024-05-18
390;Rubens;br BRA;DF;Atlético Mineiro;22-332;2001;0.1;6;8;75.0;81;9;5;5;100.0;1;2;50.0;0;1;0.0;0;0.0;0.0;0.0;0;0;0;0;0;Matches;2024-05-18
391;Alan Ruschel;br BRA;DF;Juventude;34-269;1989;1.0;50;62;80.6;941;372;22;24;91.7;22;28;78.6;6;9;66.7;0;0.1;0.2;-0.1;2;4;4;2;8;Matches;2024-05-18
392;Rodrigo Sam;br BRA;DF;Juventude;28-299;1995;1.7;75;83;90.4;1622;630;14;15;93.3;48;50;96.0;12;16;75.0;0;0.1;0.1;-0.1;2;3;1;0;5;Matches;2024-05-18
393;Alex Santana;br BRA;MF,FW;Ath Paranaense;29-005;1995;1.1;44;48;91.7;609;123;31;32;96.9;13;13;100.0;0;1;0.0;0;0.0;0.0;0.0;0;2;0;0;2;Matches;2024-05-18
394;Ademir Santos;br BRA;FW,MF;Bahia;29-092;1995;2.0;42;58;72.4;527;101;22;26;84.6;14;20;70.0;1;4;25.0;0;0.0;0.0;0.0;0;3;0;0;2;Matches;2024-05-18
395;Allyson Aires dos Santos;br BRA;DF;Cuiabá;33-208;1990;1.0;35;37;94.6;690;214;8;8;100.0;24;25;96.0;3;3;100.0;0;0.0;0.0;0.0;0;1;0;0;1;Matches;2024-05-18
396;Eduardo Santos;br BRA;DF;Red Bull Bragantino;26-172;1997;2.5;99;120;82.5;1921;556;32;36;88.9;59;66;89.4;6;10;60.0;0;0.0;0.0;0.0;0;12;0;0;17;Matches;2024-05-18
397;Juan Santos;br BRA;FW;São Paulo;22-073;2002;0.7;7;10;70.0;114;9;4;4;100.0;2;3;66.7;1;1;100.0;1;0.1;0.0;+0.9;1;0;1;0;1;Matches;2024-05-18
398;Júnior Santos;br BRA;FW,MF;Botafogo (RJ);29-220;1994;4.8;83;108;76.9;1227;343;43;50;86.0;31;38;81.6;4;5;80.0;1;0.8;1.0;+0.2;9;8;4;1;13;Matches;2024-05-18
399;Renzo Saravia;ar ARG;DF;Atlético Mineiro;30-337;1993;5.0;296;347;85.3;5077;1831;131;138;94.9;128;143;89.5;28;43;65.1;0;0.1;0.2;-0.1;2;39;3;2;31;Matches;2024-05-18
400;Eduardo Sasha;br BRA;FW;Red Bull Bragantino;32-084;1992;4.2;59;99;59.6;972;240;30;48;62.5;23;31;74.2;6;7;85.7;0;0.2;0.1;-0.2;3;6;3;0;11;Matches;2024-05-18
401;Lucas Sasha;br BRA;MF;Fortaleza;34-078;1990;1.1;33;42;78.6;582;177;14;16;87.5;17;22;77.3;2;4;50.0;0;0.5;0.7;-0.5;2;4;0;0;3;Matches;2024-05-18
402;Jefferson Savarino;ve VEN;MF,FW;Botafogo (RJ);27-189;1996;4.0;121;154;78.6;1998;537;70;79;88.6;32;37;86.5;15;24;62.5;1;0.3;0.8;+0.7;9;10;3;0;22;Matches;2024-05-18
403;Gustavo Scarpa;br BRA;MF,FW;Atlético Mineiro;30-134;1994;3.5;193;257;75.1;3904;1170;82;87;94.3;72;91;79.1;34;63;54.0;2;1.1;1.3;+0.9;10;18;10;4;29;Matches;2024-05-18
404;Cleiton Schwengber;br BRA;GK;Red Bull Bragantino;26-273;1997;4.5;104;157;66.2;3171;2165;21;21;100.0;40;41;97.6;43;94;45.7;0;0.0;0.0;0.0;0;4;0;0;0;Matches;2024-05-18
405;Juan Sforza;ar ARG;MF;Vasco da Gama;22-094;2002;4.6;271;305;88.9;4851;1289;118;124;95.2;123;136;90.4;25;34;73.5;0;0.0;0.1;0.0;0;22;1;0;19;Matches;2024-05-18
406;Shaylon;br BRA;MF,FW;Atl Goianiense;27-021;1997;4.8;131;192;68.2;2366;855;58;65;89.2;51;68;75.0;20;48;41.7;0;1.6;0.9;-1.6;14;16;3;1;21;Matches;2024-05-18
407;André Silva;br BRA;MF,FW;São Paulo;26-350;1997;3.1;55;79;69.6;910;200;29;31;93.5;20;31;64.5;4;7;57.1;1;0.4;0.2;+0.6;7;5;4;3;8;Matches;2024-05-18
408;Luan Silva;br BRA;MF;Vitória;25-004;1999;1.5;56;60;93.3;968;284;22;24;91.7;28;28;100.0;3;4;75.0;0;0.0;0.0;0.0;0;1;0;0;5;Matches;2024-05-18
409;Lucas Silva;br BRA;MF;Cruzeiro;31-092;1993;4.2;164;197;83.2;2691;425;85;91;93.4;67;77;87.0;11;23;47.8;0;0.1;0.2;-0.1;4;15;1;0;13;Matches;2024-05-18
410;Rafael Silva;br BRA;FW;Cruzeiro;32-044;1992;3.9;61;73;83.6;750;144;44;46;95.7;14;17;82.4;2;2;100.0;0;0.1;0.1;-0.1;2;2;1;0;8;Matches;2024-05-18
411;Everton Soares;br BRA;FW;Flamengo;28-057;1996;1.6;23;32;71.9;315;52;15;17;88.2;7;12;58.3;1;1;100.0;0;0.0;0.1;0.0;0;0;2;0;3;Matches;2024-05-18
412;Tiquinho Soares;br BRA;FW;Botafogo (RJ);33-122;1991;2.2;40;54;74.1;625;164;21;30;70.0;14;17;82.4;3;4;75.0;0;0.4;0.3;-0.4;3;2;3;0;5;Matches;2024-05-18
413;Fernando Sobral;br BRA;MF;Cuiabá;29-153;1994;3.2;121;154;78.6;2163;658;58;66;87.9;45;53;84.9;17;27;63.0;0;0.4;0.3;-0.4;4;14;2;1;17;Matches;2024-05-18
414;Yeferson Soteldo;ve VEN;FW;Grêmio;26-323;1997;3.0;98;118;83.1;1549;323;50;57;87.7;33;39;84.6;9;12;75.0;1;0.5;0.2;+0.5;7;5;4;0;11;Matches;2024-05-18
415;Igor Vinícius de Souza;br BRA;DF;São Paulo;27-047;1997;5.4;278;343;81.0;4277;1368;141;155;91.0;113;133;85.0;14;35;40.0;1;0.6;0.8;+0.4;6;12;4;1;22;Matches;2024-05-18
416;Everaldo Stum;br BRA;FW;Bahia;32-318;1991;2.8;49;70;70.0;605;139;36;43;83.7;11;17;64.7;1;4;25.0;0;0.5;0.5;-0.5;3;2;1;0;4;Matches;2024-05-18
417;Damián Suárez;uy URU;DF;Botafogo (RJ);36-021;1988;2.6;101;127;79.5;1608;586;58;67;86.6;34;42;81.0;8;11;72.7;0;0.1;0.2;-0.1;3;9;4;3;8;Matches;2024-05-18
418;Talisson;br BRA;FW;Red Bull Bragantino;21-363;2002;0.2;1;4;25.0;6;0;1;3;33.3;0;1;0.0;0;0;;0;0.0;0.0;0.0;0;0;0;0;0;Matches;2024-05-18
419;Tchê Tchê;br BRA;MF;Botafogo (RJ);31-262;1992;3.1;125;142;88.0;2364;652;51;55;92.7;48;51;94.1;19;26;73.1;0;1.3;0.5;-1.3;4;13;0;0;15;Matches;2024-05-18
420;David Terans;uy URU;MF,FW;Fluminense;29-281;1994;0.6;13;17;76.5;207;4;6;7;85.7;5;6;83.3;1;3;33.3;0;0.0;0.0;0.0;0;1;0;0;0;Matches;2024-05-18
421;Thaciano;br BRA;FW;Bahia;29-006;1995;5.2;80;114;70.2;1162;223;52;64;81.3;21;28;75.0;5;9;55.6;0;0.1;0.1;-0.1;2;8;2;1;8;Matches;2024-05-18
422;Thiaguinho;br BRA;MF;Juventude;27-037;1997;0.5;22;28;78.6;426;51;8;10;80.0;10;11;90.9;4;6;66.7;0;0.0;0.0;0.0;0;4;0;0;3;Matches;2024-05-18
423;Guilherme Tinga;br BRA;DF;Fortaleza;30-260;1993;4.1;133;185;71.9;2398;1315;60;68;88.2;60;83;72.3;13;24;54.2;0;0.2;0.1;-0.2;4;17;3;0;16;Matches;2024-05-18
424;Titi;br BRA;DF;Fortaleza;36-067;1988;5.0;111;143;77.6;2247;904;32;38;84.2;66;74;89.2;12;28;42.9;0;0.0;0.0;0.0;0;4;0;0;5;Matches;2024-05-18
425;Félix Torres Caicedo;ec ECU;DF;Corinthians;27-128;1997;6.0;310;357;86.8;6072;1996;96;105;91.4;176;194;90.7;33;48;68.8;0;0.8;0.5;-0.8;3;24;0;0;21;Matches;2024-05-18
426;Miguel Trauco;pe PER;DF,MF;Criciúma;31-267;1992;1.1;44;56;78.6;938;505;16;17;94.1;18;21;85.7;10;15;66.7;0;0.0;0.1;0.0;0;10;2;0;8;Matches;2024-05-18
427;Bruno Tubarão;br BRA;DF;Atl Goianiense;29-074;1995;4.0;126;172;73.3;2143;973;56;63;88.9;62;73;84.9;7;26;26.9;0;0.0;0.1;0.0;1;10;1;1;18;Matches;2024-05-18
428;Bruno Uvini;br BRA;DF;Vitória;32-350;1991;3.0;100;116;86.2;1819;586;31;32;96.9;62;70;88.6;5;11;45.5;0;0.0;0.0;0.0;0;4;0;0;7;Matches;2024-05-18
429;Vanderlan;br BRA;DF;Palmeiras;21-254;2002;1.2;17;28;60.7;257;94;10;13;76.9;7;15;46.7;0;0;;0;0.0;0.0;0.0;0;0;0;0;2;Matches;2024-05-18
430;Guillermo Varela;uy URU;DF;Flamengo;31-055;1993;3.7;167;201;83.1;2414;674;87;90;96.7;63;78;80.8;8;16;50.0;0;0.3;0.3;-0.3;4;7;2;2;9;Matches;2024-05-18
431;Eduardo Vargas;cl CHI;FW;Atlético Mineiro;34-180;1989;1.5;37;47;78.7;765;173;12;16;75.0;19;21;90.5;6;6;100.0;0;0.4;0.2;-0.4;5;2;3;1;7;Matches;2024-05-18
432;Pablo Vegetti;ar ARG;FW;Vasco da Gama;35-216;1988;5.8;62;91;68.1;875;161;33;45;73.3;24;32;75.0;1;1;100.0;0;0.6;0.3;-0.6;4;6;1;0;10;Matches;2024-05-18
433;Raphael Veiga;br BRA;MF;Palmeiras;28-334;1995;4.4;119;167;71.3;2079;744;53;59;89.8;44;54;81.5;16;42;38.1;0;0.2;0.3;-0.2;7;17;1;1;20;Matches;2024-05-18
434;Fausto Vera;ar ARG;MF;Corinthians;24-053;2000;2.1;110;126;87.3;1991;462;43;50;86.0;54;58;93.1;11;14;78.6;0;0.1;0.1;-0.1;3;11;2;0;17;Matches;2024-05-18
435;Gabriel Veron;br BRA;FW,MF;Cruzeiro;21-258;2002;0.9;25;32;78.1;311;104;15;18;83.3;9;12;75.0;0;0;;0;0.1;0.1;-0.1;2;2;1;0;4;Matches;2024-05-18
436;João Victor;br BRA;DF;Vasco da Gama;25-306;1998;2.4;115;142;81.0;1972;702;52;58;89.7;52;62;83.9;9;11;81.8;0;0.3;0.3;-0.3;2;15;2;0;14;Matches;2024-05-18
437;Felipe Vieira;;DF;Fluminense;;;1.5;70;79;88.6;1083;358;39;42;92.9;26;28;92.9;4;6;66.7;0;0.0;0.0;0.0;0;3;0;0;1;Matches;2024-05-18
438;Mathías Villasanti;py PAR;MF;Grêmio;27-115;1997;4.0;234;258;90.7;3790;945;106;116;91.4;111;115;96.5;11;12;91.7;1;0.6;0.4;+0.4;3;20;4;0;24;Matches;2024-05-18
439;Matías Viña;uy URU;DF;Flamengo;26-191;1997;1.1;41;51;80.4;716;160;23;27;85.2;11;14;78.6;7;7;100.0;0;0.0;0.0;0.0;0;2;2;2;1;Matches;2024-05-18
440;Alix Vinicius;br BRA;DF;Atl Goianiense;24-194;1999;3.5;110;128;85.9;2621;845;22;23;95.7;63;72;87.5;23;31;74.2;0;0.1;0.1;-0.1;2;4;1;0;4;Matches;2024-05-18
441;Mateus Vital;br BRA;MF;Cruzeiro;26-096;1998;0.8;29;35;82.9;414;91;17;18;94.4;10;13;76.9;1;2;50.0;0;0.0;0.0;0.0;0;6;0;0;5;Matches;2024-05-18
442;Vitão;br BRA;DF;Internacional;24-106;2000;4.0;225;262;85.9;4373;1093;63;68;92.6;142;156;91.0;18;33;54.5;0;0.0;0.1;0.0;0;25;3;1;20;Matches;2024-05-18
443;Vitinho;br BRA;FW,MF;Red Bull Bragantino;25-047;1999;4.0;88;129;68.2;1394;498;49;57;86.0;24;35;68.6;9;19;47.4;2;0.7;1.1;+1.3;8;5;4;2;4;Matches;2024-05-18
444;Rayan Vitor;br BRA;FW,MF;Vasco da Gama;17-289;2006;1.9;39;50;78.0;689;268;17;20;85.0;14;17;82.4;6;9;66.7;0;0.8;0.6;-0.8;5;4;5;2;4;Matches;2024-05-18
445;Felipe Vizeu;br BRA;FW;Criciúma;27-067;1997;0.3;10;14;71.4;129;11;5;7;71.4;4;4;100.0;0;0;;0;0.2;0.4;-0.2;1;0;1;0;1;Matches;2024-05-18
446;Wagner;br BRA;DF;Vitória;24-300;1999;3.1;135;156;86.5;2627;1073;38;43;88.4;81;87;93.1;13;20;65.0;0;0.0;0.0;0.0;1;9;0;0;8;Matches;2024-05-18
447;Walter;br BRA;GK;Cuiabá;36-182;1987;4.0;95;126;75.4;2673;1677;15;15;100.0;46;46;100.0;34;64;53.1;0;0.0;0.0;0.0;0;1;0;0;0;Matches;2024-05-18
448;Wanderson;br BRA;FW,MF;Internacional;29-224;1994;2.0;25;41;61.0;356;90;15;19;78.9;7;12;58.3;2;4;50.0;0;0.5;0.2;-0.5;2;2;0;0;3;Matches;2024-05-18
449;Welington;br BRA;DF;São Paulo;23-089;2001;2.6;104;129;80.6;1684;618;51;52;98.1;43;58;74.1;6;13;46.2;0;0.2;0.3;-0.2;7;5;3;3;8;Matches;2024-05-18
450;José Welison;br BRA;MF;Fortaleza;29-068;1995;1.7;45;60;75.0;1000;276;7;10;70.0;28;32;87.5;8;14;57.1;0;0.0;0.0;0.0;1;6;0;0;10;Matches;2024-05-18
451;Wesley;br BRA;DF;Flamengo;20-255;2003;1.3;49;56;87.5;702;279;34;35;97.1;13;17;76.5;2;2;100.0;0;0.3;0.2;-0.3;3;4;3;1;5;Matches;2024-05-18
452;Wesley;br BRA;FW,MF;Internacional;25-049;1999;3.4;83;121;68.6;1472;351;37;46;80.4;35;49;71.4;10;17;58.8;1;1.1;1.2;-0.1;7;8;6;1;12;Matches;2024-05-18
453;Wéverton;br BRA;GK;Palmeiras;36-157;1987;6.0;152;219;69.4;4184;2937;23;24;95.8;84;84;100.0;45;110;40.9;0;0.0;0.0;0.0;0;4;0;0;0;Matches;2024-05-18
454;William;br BRA;DF;Cruzeiro;29-045;1995;5.0;238;310;76.8;4312;1587;119;138;86.2;79;105;75.2;36;50;72.0;1;1.0;1.0;0.0;10;31;15;4;34;Matches;2024-05-18
455;Willian;br BRA;MF;Vitória;31-002;1993;4.0;128;147;87.1;2277;674;52;56;92.9;63;68;92.6;11;17;64.7;0;0.1;0.0;-0.1;2;13;0;0;22;Matches;2024-05-18
456;Samuel Xavier;br BRA;DF;Fluminense;33-347;1990;2.5;110;129;85.3;1624;535;61;65;93.8;44;53;83.0;3;4;75.0;1;0.5;0.3;+0.5;3;9;1;1;7;Matches;2024-05-18
457;Bruno Zapelli;ar ARG;MF,FW;Ath Paranaense;22-001;2002;2.6;98;132;74.2;1550;375;48;57;84.2;33;44;75.0;11;21;52.4;1;0.9;1.1;+0.1;8;11;2;1;10;Matches;2024-05-18
458;Federico Zaracho;ar ARG;MF;Atlético Mineiro;26-069;1998;3.1;113;133;85.0;1810;301;50;58;86.2;51;55;92.7;6;9;66.7;0;0.0;0.1;0.0;2;9;1;0;11;Matches;2024-05-18
459;Zeca;br BRA;DF;Vitória;30-002;1994;4.3;168;227;74.0;2605;1049;94;97;96.9;61;81;75.3;9;32;28.1;0;0.2;0.3;-0.2;4;11;6;4;16;Matches;2024-05-18
